year,date,home_team,away_team,home_team_score,away_team_score,shoot_out,home_team_result,away_team_result,home_team_fifa_rank,away_team_fifa_rank,home_team_total_fifa_points,away_team_total_fifa_points,home_team_avg_fifa_points,away_team_avg_fifa_points,home_team_goalkeeper_score,away_team_goalkeeper_score,home_team_mean_defense_score,home_team_mean_offense_score,home_team_mean_midfield_score,away_team_mean_defense_score,away_team_mean_offense_score,away_team_mean_midfield_score
1930,1930-06-15,France,Mexico,4,1,No,Win,Lose,,,,,,,,,,,,,,
1930,1930-06-15,Argentina,France,1,0,No,Win,Lose,,,,,,,,,,,,,,
1930,1930-06-15,Chile,Mexico,3,0,No,Win,Lose,,,,,,,,,,,,,,
1930,1930-06-15,Chile,France,1,0,No,Win,Lose,,,,,,,,,,,,,,
1930,1930-06-15,Argentina,Mexico,6,3,No,Win,Lose,,,,,,,,,,,,,,
1930,1930-06-15,Argentina,Chile,3,1,No,Win,Lose,,,,,,,,,,,,,,
1930,1930-06-15,Yugoslavia,Brazil,2,1,No,Win,Lose,,,,,,,,,,,,,,
1930,1930-06-15,Yugoslavia,Bolivia,4,0,No,Win,Lose,,,,,,,,,,,,,,
1930,1930-06-15,Brazil,Bolivia,4,0,No,Win,Lose,,,,,,,,,,,,,,
1930,1930-06-15,Romania,Peru,3,1,No,Win,Lose,,,,,,,,,,,,,,
1930,1930-06-15,Uruguay,Peru,1,0,No,Win,Lose,,,,,,,,,,,,,,
1930,1930-06-15,Uruguay,Romania,4,0,No,Win,Lose,,,,,,,,,,,,,,
1930,1930-06-15,USA,Belgium,3,0,No,Win,Lose,,,,,,,,,,,,,,
1930,1930-06-15,USA,Paraguay,3,0,No,Win,Lose,,,,,,,,,,,,,,
1930,1930-06-15,Paraguay,Belgium,1,0,No,Win,Lose,,,,,,,,,,,,,,
1930,1930-06-15,Argentina,USA,6,1,No,Win,Lose,,,,,,,,,,,,,,
1930,1930-06-15,Uruguay,Yugoslavia,6,1,No,Win,Lose,,,,,,,,,,,,,,
1930,1930-06-15,Uruguay,Argentina,4,2,No,Win,Lose,,,,,,,,,,,,,,
1934,1934-06-15,Sweden,Argentina,3,2,No,Win,Lose,,,,,,,,,,,,,,
1934,1934-06-15,Germany,Belgium,5,2,No,Win,Lose,,,,,,,,,,,,,,
1934,1934-06-15,Switzerland,Netherlands,3,2,No,Win,Lose,,,,,,,,,,,,,,
1934,1934-06-15,Czechoslovakia,Romania,2,1,No,Win,Lose,,,,,,,,,,,,,,
1934,1934-06-15,Hungary,Egypt,4,2,No,Win,Lose,,,,,,,,,,,,,,
1934,1934-06-15,Austria,France,3,2,No,Win,Lose,,,,,,,,,,,,,,
1934,1934-06-15,Spain,Brazil,3,1,No,Win,Lose,,,,,,,,,,,,,,
1934,1934-06-15,Italy,USA,7,1,No,Win,Lose,,,,,,,,,,,,,,
1934,1934-06-15,Germany,Sweden,2,1,No,Win,Lose,,,,,,,,,,,,,,
1934,1934-06-15,Czechoslovakia,Switzerland,3,2,No,Win,Lose,,,,,,,,,,,,,,
1934,1934-06-15,Austria,Hungary,2,1,No,Win,Lose,,,,,,,,,,,,,,
1934,1934-06-15,Italy,Spain,1,1,No,Draw,Draw,,,,,,,,,,,,,,
1934,1934-06-15,Italy,Spain,1,0,No,Win,Lose,,,,,,,,,,,,,,
1934,1934-06-15,Czechoslovakia,Germany,3,1,No,Win,Lose,,,,,,,,,,,,,,
1934,1934-06-15,Italy,Austria,1,0,No,Win,Lose,,,,,,,,,,,,,,
1934,1934-06-15,Germany,Austria,3,2,No,Win,Lose,,,,,,,,,,,,,,
1934,1934-06-15,Italy,Czechoslovakia,2,1,No,Win,Lose,,,,,,,,,,,,,,
1938,1938-06-15,Switzerland,Germany,1,1,No,Draw,Draw,,,,,,,,,,,,,,
1938,1938-06-15,France,Belgium,3,1,No,Win,Lose,,,,,,,,,,,,,,
1938,1938-06-15,Italy,Norway,2,1,No,Win,Lose,,,,,,,,,,,,,,
1938,1938-06-15,Brazil,Poland,6,5,No,Win,Lose,,,,,,,,,,,,,,
1938,1938-06-15,Czechoslovakia,Netherlands,3,0,No,Win,Lose,,,,,,,,,,,,,,
1938,1938-06-15,Cuba,Romania,3,3,No,Draw,Draw,,,,,,,,,,,,,,
1938,1938-06-15,Sweden,Austria,0,0,No,Draw,Draw,,,,,,,,,,,,,,
1938,1938-06-15,Hungary,Dutch East Indies,6,0,No,Win,Lose,,,,,,,,,,,,,,
1938,1938-06-15,Cuba,Romania,2,1,No,Win,Lose,,,,,,,,,,,,,,
1938,1938-06-15,Switzerland,Germany,4,2,No,Win,Lose,,,,,,,,,,,,,,
1938,1938-06-15,Italy,France,3,1,No,Win,Lose,,,,,,,,,,,,,,
1938,1938-06-15,Brazil,Czechoslovakia,1,1,No,Draw,Draw,,,,,,,,,,,,,,
1938,1938-06-15,Hungary,Switzerland,2,0,No,Win,Lose,,,,,,,,,,,,,,
1938,1938-06-15,Sweden,Cuba,8,0,No,Win,Lose,,,,,,,,,,,,,,
1938,1938-06-15,Brazil,Czechoslovakia,2,1,No,Win,Lose,,,,,,,,,,,,,,
1938,1938-06-15,Hungary,Sweden,5,1,No,Win,Lose,,,,,,,,,,,,,,
1938,1938-06-15,Italy,Brazil,2,1,No,Win,Lose,,,,,,,,,,,,,,
1938,1938-06-15,Brazil,Sweden,4,2,No,Win,Lose,,,,,,,,,,,,,,
1938,1938-06-15,Italy,Hungary,4,2,No,Win,Lose,,,,,,,,,,,,,,
1950,1950-06-15,Brazil,Mexico,4,0,No,Win,Lose,,,,,,,,,,,,,,
1950,1950-06-15,Yugoslavia,Switzerland,3,0,No,Win,Lose,,,,,,,,,,,,,,
1950,1950-06-15,Brazil,Switzerland,2,2,No,Draw,Draw,,,,,,,,,,,,,,
1950,1950-06-15,Yugoslavia,Mexico,4,1,No,Win,Lose,,,,,,,,,,,,,,
1950,1950-06-15,Brazil,Yugoslavia,2,0,No,Win,Lose,,,,,,,,,,,,,,
1950,1950-06-15,Switzerland,Mexico,2,1,No,Win,Lose,,,,,,,,,,,,,,
1950,1950-06-15,Spain,USA,3,1,No,Win,Lose,,,,,,,,,,,,,,
1950,1950-06-15,England,Chile,2,0,No,Win,Lose,,,,,,,,,,,,,,
1950,1950-06-15,Spain,Chile,2,0,No,Win,Lose,,,,,,,,,,,,,,
1950,1950-06-15,USA,England,1,0,No,Win,Lose,,,,,,,,,,,,,,
1950,1950-06-15,Spain,England,1,0,No,Win,Lose,,,,,,,,,,,,,,
1950,1950-06-15,Chile,USA,5,2,No,Win,Lose,,,,,,,,,,,,,,
1950,1950-06-15,Sweden,Italy,3,2,No,Win,Lose,,,,,,,,,,,,,,
1950,1950-06-15,Sweden,Paraguay,2,2,No,Draw,Draw,,,,,,,,,,,,,,
1950,1950-06-15,Italy,Paraguay,2,0,No,Win,Lose,,,,,,,,,,,,,,
1950,1950-06-15,Uruguay,Bolivia,8,0,No,Win,Lose,,,,,,,,,,,,,,
1950,1950-06-15,Brazil,Sweden,7,1,No,Win,Lose,,,,,,,,,,,,,,
1950,1950-06-15,Uruguay,Spain,2,2,No,Draw,Draw,,,,,,,,,,,,,,
1950,1950-06-15,Uruguay,Sweden,3,2,No,Win,Lose,,,,,,,,,,,,,,
1950,1950-06-15,Brazil,Spain,6,1,No,Win,Lose,,,,,,,,,,,,,,
1950,1950-06-15,Sweden,Spain,3,1,No,Win,Lose,,,,,,,,,,,,,,
1950,1950-06-15,Uruguay,Brazil,2,1,No,Win,Lose,,,,,,,,,,,,,,
1954,1954-06-15,Yugoslavia,France,1,0,No,Win,Lose,,,,,,,,,,,,,,
1954,1954-06-15,Brazil,Mexico,5,0,No,Win,Lose,,,,,,,,,,,,,,
1954,1954-06-15,Brazil,Yugoslavia,1,1,No,Draw,Draw,,,,,,,,,,,,,,
1954,1954-06-15,France,Mexico,3,2,No,Win,Lose,,,,,,,,,,,,,,
1954,1954-06-15,Germany,Turkey,4,1,No,Win,Lose,,,,,,,,,,,,,,
1954,1954-06-15,Hungary,Korea Republic,9,0,No,Win,Lose,,,,,,,,,,,,,,
1954,1954-06-15,Hungary,Germany,8,3,No,Win,Lose,,,,,,,,,,,,,,
1954,1954-06-15,Turkey,Korea Republic,7,0,No,Win,Lose,,,,,,,,,,,,,,
1954,1954-06-15,Germany,Turkey,7,2,No,Win,Lose,,,,,,,,,,,,,,
1954,1954-06-15,Austria,Scotland,1,0,No,Win,Lose,,,,,,,,,,,,,,
1954,1954-06-15,Uruguay,Czechoslovakia,2,0,No,Win,Lose,,,,,,,,,,,,,,
1954,1954-06-15,Uruguay,Scotland,7,0,No,Win,Lose,,,,,,,,,,,,,,
1954,1954-06-15,Austria,Czechoslovakia,5,0,No,Win,Lose,,,,,,,,,,,,,,
1954,1954-06-15,Switzerland,Italy,2,1,No,Win,Lose,,,,,,,,,,,,,,
1954,1954-06-15,England,Belgium,4,4,No,Draw,Draw,,,,,,,,,,,,,,
1954,1954-06-15,Italy,Belgium,4,1,No,Win,Lose,,,,,,,,,,,,,,
1954,1954-06-15,England,Switzerland,2,0,No,Win,Lose,,,,,,,,,,,,,,
1954,1954-06-15,Switzerland,Italy,4,1,No,Win,Lose,,,,,,,,,,,,,,
1954,1954-06-15,Austria,Switzerland,7,5,No,Win,Lose,,,,,,,,,,,,,,
1954,1954-06-15,Uruguay,England,4,2,No,Win,Lose,,,,,,,,,,,,,,
1954,1954-06-15,Hungary,Brazil,4,2,No,Win,Lose,,,,,,,,,,,,,,
1954,1954-06-15,Germany,Yugoslavia,2,0,No,Win,Lose,,,,,,,,,,,,,,
1954,1954-06-15,Hungary,Uruguay,4,2,No,Win,Lose,,,,,,,,,,,,,,
1954,1954-06-15,Germany,Austria,6,1,No,Win,Lose,,,,,,,,,,,,,,
1954,1954-06-15,Austria,Uruguay,3,1,No,Win,Lose,,,,,,,,,,,,,,
1954,1954-06-15,Germany,Hungary,3,2,No,Win,Lose,,,,,,,,,,,,,,
1958,1958-06-15,Argentina,Germany,1,3,No,Lose,Win,,,,,,,,,,,,,,
1958,1958-06-15,Northern Ireland,Czechoslovakia,1,0,No,Win,Lose,,,,,,,,,,,,,,
1958,1958-06-15,Argentina,Northern Ireland,3,1,No,Win,Lose,,,,,,,,,,,,,,
1958,1958-06-15,Germany,Czechoslovakia,2,2,No,Draw,Draw,,,,,,,,,,,,,,
1958,1958-06-15,Czechoslovakia,Argentina,6,1,No,Win,Lose,,,,,,,,,,,,,,
1958,1958-06-15,Germany,Northern Ireland,2,2,No,Draw,Draw,,,,,,,,,,,,,,
1958,1958-06-15,Northern Ireland,Czechoslovakia,2,1,No,Win,Lose,,,,,,,,,,,,,,
1958,1958-06-15,Yugoslavia,Scotland,1,1,No,Draw,Draw,,,,,,,,,,,,,,
1958,1958-06-15,France,Paraguay,7,3,No,Win,Lose,,,,,,,,,,,,,,
1958,1958-06-15,Yugoslavia,France,3,2,No,Win,Lose,,,,,,,,,,,,,,
1958,1958-06-15,Paraguay,Scotland,3,2,No,Win,Lose,,,,,,,,,,,,,,
1958,1958-06-15,Paraguay,Yugoslavia,3,3,No,Draw,Draw,,,,,,,,,,,,,,
1958,1958-06-15,France,Scotland,2,1,No,Win,Lose,,,,,,,,,,,,,,
1958,1958-06-15,Sweden,Mexico,3,0,No,Win,Lose,,,,,,,,,,,,,,
1958,1958-06-15,Hungary,Wales,1,1,No,Draw,Draw,,,,,,,,,,,,,,
1958,1958-06-15,Mexico,Wales,1,1,No,Draw,Draw,,,,,,,,,,,,,,
1958,1958-06-15,Sweden,Hungary,2,1,No,Win,Lose,,,,,,,,,,,,,,
1958,1958-06-15,Sweden,Wales,0,0,No,Draw,Draw,,,,,,,,,,,,,,
1958,1958-06-15,Hungary,Mexico,4,0,No,Win,Lose,,,,,,,,,,,,,,
1958,1958-06-15,Wales,Hungary,2,1,No,Win,Lose,,,,,,,,,,,,,,
1958,1958-06-15,Russia,England,2,2,No,Draw,Draw,,,,,,,,,,,,,,
1958,1958-06-15,Brazil,Austria,3,0,No,Win,Lose,,,,,,,,,,,,,,
1958,1958-06-15,Russia,Austria,2,0,No,Win,Lose,,,,,,,,,,,,,,
1958,1958-06-15,Brazil,England,0,0,No,Draw,Draw,,,,,,,,,,,,,,
1958,1958-06-15,Brazil,Russia,2,0,No,Win,Lose,,,,,,,,,,,,,,
1958,1958-06-15,England,Austria,2,2,No,Draw,Draw,,,,,,,,,,,,,,
1958,1958-06-15,Russia,England,1,0,No,Win,Lose,,,,,,,,,,,,,,
1958,1958-06-15,Brazil,Wales,1,0,No,Win,Lose,,,,,,,,,,,,,,
1958,1958-06-15,France,Northern Ireland,4,0,No,Win,Lose,,,,,,,,,,,,,,
1958,1958-06-15,Germany,Yugoslavia,1,0,No,Win,Lose,,,,,,,,,,,,,,
1958,1958-06-15,Sweden,Russia,2,0,No,Win,Lose,,,,,,,,,,,,,,
1958,1958-06-15,Sweden,Germany,3,1,No,Win,Lose,,,,,,,,,,,,,,
1958,1958-06-15,Brazil,France,5,2,No,Win,Lose,,,,,,,,,,,,,,
1958,1958-06-15,France,Germany,6,3,No,Win,Lose,,,,,,,,,,,,,,
1958,1958-06-15,Brazil,Sweden,5,2,No,Win,Lose,,,,,,,,,,,,,,
1962,1962-06-15,Uruguay,Colombia,2,1,No,Win,Lose,,,,,,,,,,,,,,
1962,1962-06-15,Russia,Yugoslavia,2,0,No,Win,Lose,,,,,,,,,,,,,,
1962,1962-06-15,Yugoslavia,Uruguay,3,1,No,Win,Lose,,,,,,,,,,,,,,
1962,1962-06-15,Russia,Colombia,4,4,No,Draw,Draw,,,,,,,,,,,,,,
1962,1962-06-15,Russia,Uruguay,2,1,No,Win,Lose,,,,,,,,,,,,,,
1962,1962-06-15,Yugoslavia,Colombia,5,0,No,Win,Lose,,,,,,,,,,,,,,
1962,1962-06-15,Chile,Switzerland,3,1,No,Win,Lose,,,,,,,,,,,,,,
1962,1962-06-15,Germany,Italy,0,0,No,Draw,Draw,,,,,,,,,,,,,,
1962,1962-06-15,Chile,Italy,2,0,No,Win,Lose,,,,,,,,,,,,,,
1962,1962-06-15,Germany,Switzerland,2,1,No,Win,Lose,,,,,,,,,,,,,,
1962,1962-06-15,Germany,Chile,2,0,No,Win,Lose,,,,,,,,,,,,,,
1962,1962-06-15,Italy,Switzerland,3,0,No,Win,Lose,,,,,,,,,,,,,,
1962,1962-06-15,Brazil,Mexico,2,0,No,Win,Lose,,,,,,,,,,,,,,
1962,1962-06-15,Czechoslovakia,Spain,1,0,No,Win,Lose,,,,,,,,,,,,,,
1962,1962-06-15,Brazil,Czechoslovakia,0,0,No,Draw,Draw,,,,,,,,,,,,,,
1962,1962-06-15,Spain,Mexico,1,0,No,Win,Lose,,,,,,,,,,,,,,
1962,1962-06-15,Brazil,Spain,2,1,No,Win,Lose,,,,,,,,,,,,,,
1962,1962-06-15,Mexico,Czechoslovakia,3,1,No,Win,Lose,,,,,,,,,,,,,,
1962,1962-06-15,Argentina,Bulgaria,1,0,No,Win,Lose,,,,,,,,,,,,,,
1962,1962-06-15,Hungary,England,2,1,No,Win,Lose,,,,,,,,,,,,,,
1962,1962-06-15,England,Argentina,3,1,No,Win,Lose,,,,,,,,,,,,,,
1962,1962-06-15,Hungary,Bulgaria,6,1,No,Win,Lose,,,,,,,,,,,,,,
1962,1962-06-15,Hungary,Argentina,0,0,No,Draw,Draw,,,,,,,,,,,,,,
1962,1962-06-15,England,Bulgaria,0,0,No,Draw,Draw,,,,,,,,,,,,,,
1962,1962-06-15,Chile,Russia,2,1,No,Win,Lose,,,,,,,,,,,,,,
1962,1962-06-15,Brazil,England,3,1,No,Win,Lose,,,,,,,,,,,,,,
1962,1962-06-15,Czechoslovakia,Hungary,1,0,No,Win,Lose,,,,,,,,,,,,,,
1962,1962-06-15,Yugoslavia,Germany,1,0,No,Win,Lose,,,,,,,,,,,,,,
1962,1962-06-15,Brazil,Chile,4,2,No,Win,Lose,,,,,,,,,,,,,,
1962,1962-06-15,Czechoslovakia,Yugoslavia,3,1,No,Win,Lose,,,,,,,,,,,,,,
1962,1962-06-15,Chile,Yugoslavia,1,0,No,Win,Lose,,,,,,,,,,,,,,
1962,1962-06-15,Brazil,Czechoslovakia,3,1,No,Win,Lose,,,,,,,,,,,,,,
1966,1966-06-15,England,Uruguay,0,0,No,Draw,Draw,,,,,,,,,,,,,,
1966,1966-06-15,France,Mexico,1,1,No,Draw,Draw,,,,,,,,,,,,,,
1966,1966-06-15,Uruguay,France,2,1,No,Win,Lose,,,,,,,,,,,,,,
1966,1966-06-15,England,Mexico,2,0,No,Win,Lose,,,,,,,,,,,,,,
1966,1966-06-15,Uruguay,Mexico,0,0,No,Draw,Draw,,,,,,,,,,,,,,
1966,1966-06-15,England,France,2,0,No,Win,Lose,,,,,,,,,,,,,,
1966,1966-06-15,Germany,Switzerland,5,0,No,Win,Lose,,,,,,,,,,,,,,
1966,1966-06-15,Argentina,Spain,2,1,No,Win,Lose,,,,,,,,,,,,,,
1966,1966-06-15,Spain,Switzerland,2,1,No,Win,Lose,,,,,,,,,,,,,,
1966,1966-06-15,Germany,Argentina,0,0,No,Draw,Draw,,,,,,,,,,,,,,
1966,1966-06-15,Argentina,Switzerland,2,0,No,Win,Lose,,,,,,,,,,,,,,
1966,1966-06-15,Germany,Spain,2,1,No,Win,Lose,,,,,,,,,,,,,,
1966,1966-06-15,Brazil,Bulgaria,2,0,No,Win,Lose,,,,,,,,,,,,,,
1966,1966-06-15,Portugal,Hungary,3,1,No,Win,Lose,,,,,,,,,,,,,,
1966,1966-06-15,Hungary,Brazil,3,1,No,Win,Lose,,,,,,,,,,,,,,
1966,1966-06-15,Portugal,Bulgaria,3,0,No,Win,Lose,,,,,,,,,,,,,,
1966,1966-06-15,Portugal,Brazil,3,1,No,Win,Lose,,,,,,,,,,,,,,
1966,1966-06-15,Hungary,Bulgaria,3,1,No,Win,Lose,,,,,,,,,,,,,,
1966,1966-06-15,Russia,Korea DPR,3,0,No,Win,Lose,,,,,,,,,,,,,,
1966,1966-06-15,Italy,Chile,2,0,No,Win,Lose,,,,,,,,,,,,,,
1966,1966-06-15,Korea DPR,Chile,1,1,No,Draw,Draw,,,,,,,,,,,,,,
1966,1966-06-15,Russia,Italy,1,0,No,Win,Lose,,,,,,,,,,,,,,
1966,1966-06-15,Korea DPR,Italy,1,0,No,Win,Lose,,,,,,,,,,,,,,
1966,1966-06-15,Russia,Chile,2,1,No,Win,Lose,,,,,,,,,,,,,,
1966,1966-06-15,Russia,Hungary,2,1,No,Win,Lose,,,,,,,,,,,,,,
1966,1966-06-15,Germany,Uruguay,4,0,No,Win,Lose,,,,,,,,,,,,,,
1966,1966-06-15,Portugal,Korea DPR,5,3,No,Win,Lose,,,,,,,,,,,,,,
1966,1966-06-15,England,Argentina,1,0,No,Win,Lose,,,,,,,,,,,,,,
1966,1966-06-15,Germany,Russia,2,1,No,Win,Lose,,,,,,,,,,,,,,
1966,1966-06-15,England,Portugal,2,1,No,Win,Lose,,,,,,,,,,,,,,
1966,1966-06-15,Portugal,Russia,2,1,No,Win,Lose,,,,,,,,,,,,,,
1966,1966-06-15,England,Germany,4,2,No,Win,Lose,,,,,,,,,,,,,,
1970,1970-06-15,Mexico,Russia,0,0,No,Draw,Draw,,,,,,,,,,,,,,
1970,1970-06-15,Belgium,El Salvador,3,0,No,Win,Lose,,,,,,,,,,,,,,
1970,1970-06-15,Russia,Belgium,4,1,No,Win,Lose,,,,,,,,,,,,,,
1970,1970-06-15,Mexico,El Salvador,4,0,No,Win,Lose,,,,,,,,,,,,,,
1970,1970-06-15,Russia,El Salvador,2,0,No,Win,Lose,,,,,,,,,,,,,,
1970,1970-06-15,Mexico,Belgium,1,0,No,Win,Lose,,,,,,,,,,,,,,
1970,1970-06-15,Uruguay,Israel,2,0,No,Win,Lose,,,,,,,,,,,,,,
1970,1970-06-15,Italy,Sweden,1,0,No,Win,Lose,,,,,,,,,,,,,,
1970,1970-06-15,Uruguay,Italy,0,0,No,Draw,Draw,,,,,,,,,,,,,,
1970,1970-06-15,Sweden,Israel,1,1,No,Draw,Draw,,,,,,,,,,,,,,
1970,1970-06-15,Sweden,Uruguay,1,0,No,Win,Lose,,,,,,,,,,,,,,
1970,1970-06-15,Italy,Israel,0,0,No,Draw,Draw,,,,,,,,,,,,,,
1970,1970-06-15,England,Romania,1,0,No,Win,Lose,,,,,,,,,,,,,,
1970,1970-06-15,Brazil,Czechoslovakia,4,1,No,Win,Lose,,,,,,,,,,,,,,
1970,1970-06-15,Romania,Czechoslovakia,2,1,No,Win,Lose,,,,,,,,,,,,,,
1970,1970-06-15,Brazil,England,1,0,No,Win,Lose,,,,,,,,,,,,,,
1970,1970-06-15,Brazil,Romania,3,2,No,Win,Lose,,,,,,,,,,,,,,
1970,1970-06-15,England,Czechoslovakia,1,0,No,Win,Lose,,,,,,,,,,,,,,
1970,1970-06-15,Peru,Bulgaria,3,2,No,Win,Lose,,,,,,,,,,,,,,
1970,1970-06-15,Germany,Morocco,2,1,No,Win,Lose,,,,,,,,,,,,,,
1970,1970-06-15,Peru,Morocco,3,0,No,Win,Lose,,,,,,,,,,,,,,
1970,1970-06-15,Germany,Bulgaria,5,2,No,Win,Lose,,,,,,,,,,,,,,
1970,1970-06-15,Germany,Peru,3,1,No,Win,Lose,,,,,,,,,,,,,,
1970,1970-06-15,Bulgaria,Morocco,1,1,No,Draw,Draw,,,,,,,,,,,,,,
1970,1970-06-15,Uruguay,Russia,1,0,No,Win,Lose,,,,,,,,,,,,,,
1970,1970-06-15,Brazil,Peru,4,2,No,Win,Lose,,,,,,,,,,,,,,
1970,1970-06-15,Germany,England,3,2,No,Win,Lose,,,,,,,,,,,,,,
1970,1970-06-15,Italy,Mexico,4,1,No,Win,Lose,,,,,,,,,,,,,,
1970,1970-06-15,Brazil,Uruguay,3,1,No,Win,Lose,,,,,,,,,,,,,,
1970,1970-06-15,Italy,Germany,4,3,No,Win,Lose,,,,,,,,,,,,,,
1970,1970-06-15,Germany,Uruguay,1,0,No,Win,Lose,,,,,,,,,,,,,,
1970,1970-06-15,Brazil,Italy,4,1,No,Win,Lose,,,,,,,,,,,,,,
1974,1974-06-15,Germany,Chile,1,0,No,Win,Lose,,,,,,,,,,,,,,
1974,1974-06-15,German DR,Australia,2,0,No,Win,Lose,,,,,,,,,,,,,,
1974,1974-06-15,Australia,Germany,0,3,No,Lose,Win,,,,,,,,,,,,,,
1974,1974-06-15,Chile,German DR,1,1,No,Draw,Draw,,,,,,,,,,,,,,
1974,1974-06-15,Australia,Chile,0,0,No,Draw,Draw,,,,,,,,,,,,,,
1974,1974-06-15,German DR,Germany,1,0,No,Win,Lose,,,,,,,,,,,,,,
1974,1974-06-15,Brazil,Yugoslavia,0,0,No,Draw,Draw,,,,,,,,,,,,,,
1974,1974-06-15,DR Congo,Scotland,0,2,No,Lose,Win,,,,,,,,,,,,,,
1974,1974-06-15,Scotland,Brazil,0,0,No,Draw,Draw,,,,,,,,,,,,,,
1974,1974-06-15,Yugoslavia,DR Congo,9,0,No,Win,Lose,,,,,,,,,,,,,,
1974,1974-06-15,Scotland,Yugoslavia,1,1,No,Draw,Draw,,,,,,,,,,,,,,
1974,1974-06-15,DR Congo,Brazil,0,3,No,Lose,Win,,,,,,,,,,,,,,
1974,1974-06-15,Sweden,Bulgaria,0,0,No,Draw,Draw,,,,,,,,,,,,,,
1974,1974-06-15,Uruguay,Netherlands,0,2,No,Lose,Win,,,,,,,,,,,,,,
1974,1974-06-15,Netherlands,Sweden,0,0,No,Draw,Draw,,,,,,,,,,,,,,
1974,1974-06-15,Bulgaria,Uruguay,1,1,No,Draw,Draw,,,,,,,,,,,,,,
1974,1974-06-15,Bulgaria,Netherlands,1,4,No,Lose,Win,,,,,,,,,,,,,,
1974,1974-06-15,Sweden,Uruguay,3,0,No,Win,Lose,,,,,,,,,,,,,,
1974,1974-06-15,Italy,Haiti,3,1,No,Win,Lose,,,,,,,,,,,,,,
1974,1974-06-15,Poland,Argentina,3,2,No,Win,Lose,,,,,,,,,,,,,,
1974,1974-06-15,Argentina,Italy,1,1,No,Draw,Draw,,,,,,,,,,,,,,
1974,1974-06-15,Haiti,Poland,0,7,No,Lose,Win,,,,,,,,,,,,,,
1974,1974-06-15,Poland,Italy,2,1,No,Win,Lose,,,,,,,,,,,,,,
1974,1974-06-15,Argentina,Haiti,4,1,No,Win,Lose,,,,,,,,,,,,,,
1974,1974-06-15,Netherlands,Argentina,4,0,No,Win,Lose,,,,,,,,,,,,,,
1974,1974-06-15,Brazil,German DR,1,0,No,Win,Lose,,,,,,,,,,,,,,
1974,1974-06-15,German DR,Netherlands,0,2,No,Lose,Win,,,,,,,,,,,,,,
1974,1974-06-15,Argentina,Brazil,1,2,No,Lose,Win,,,,,,,,,,,,,,
1974,1974-06-15,Netherlands,Brazil,2,0,No,Win,Lose,,,,,,,,,,,,,,
1974,1974-06-15,Argentina,German DR,1,1,No,Draw,Draw,,,,,,,,,,,,,,
1974,1974-06-15,Yugoslavia,Germany,0,2,No,Lose,Win,,,,,,,,,,,,,,
1974,1974-06-15,Sweden,Poland,0,1,No,Lose,Win,,,,,,,,,,,,,,
1974,1974-06-15,Poland,Yugoslavia,2,1,No,Win,Lose,,,,,,,,,,,,,,
1974,1974-06-15,Germany,Sweden,4,2,No,Win,Lose,,,,,,,,,,,,,,
1974,1974-06-15,Poland,Germany,0,1,No,Lose,Win,,,,,,,,,,,,,,
1974,1974-06-15,Sweden,Yugoslavia,2,1,No,Win,Lose,,,,,,,,,,,,,,
1974,1974-06-15,Brazil,Poland,0,1,No,Lose,Win,,,,,,,,,,,,,,
1974,1974-06-15,Netherlands,Germany,1,2,No,Lose,Win,,,,,,,,,,,,,,
1978,1978-06-15,Italy,France,2,1,No,Win,Lose,,,,,,,,,,,,,,
1978,1978-06-15,Argentina,Hungary,2,1,No,Win,Lose,,,,,,,,,,,,,,
1978,1978-06-15,Italy,Hungary,3,1,No,Win,Lose,,,,,,,,,,,,,,
1978,1978-06-15,Argentina,France,2,1,No,Win,Lose,,,,,,,,,,,,,,
1978,1978-06-15,France,Hungary,3,1,No,Win,Lose,,,,,,,,,,,,,,
1978,1978-06-15,Italy,Argentina,1,0,No,Win,Lose,,,,,,,,,,,,,,
1978,1978-06-15,Germany,Poland,0,0,No,Draw,Draw,,,,,,,,,,,,,,
1978,1978-06-15,Tunisia,Mexico,3,1,No,Win,Lose,,,,,,,,,,,,,,
1978,1978-06-15,Germany,Mexico,6,0,No,Win,Lose,,,,,,,,,,,,,,
1978,1978-06-15,Poland,Tunisia,1,0,No,Win,Lose,,,,,,,,,,,,,,
1978,1978-06-15,Germany,Tunisia,0,0,No,Draw,Draw,,,,,,,,,,,,,,
1978,1978-06-15,Poland,Mexico,3,1,No,Win,Lose,,,,,,,,,,,,,,
1978,1978-06-15,Austria,Spain,2,1,No,Win,Lose,,,,,,,,,,,,,,
1978,1978-06-15,Sweden,Brazil,1,1,No,Draw,Draw,,,,,,,,,,,,,,
1978,1978-06-15,Austria,Sweden,1,0,No,Win,Lose,,,,,,,,,,,,,,
1978,1978-06-15,Brazil,Spain,0,0,No,Draw,Draw,,,,,,,,,,,,,,
1978,1978-06-15,Spain,Sweden,1,0,No,Win,Lose,,,,,,,,,,,,,,
1978,1978-06-15,Brazil,Austria,1,0,No,Win,Lose,,,,,,,,,,,,,,
1978,1978-06-15,Peru,Scotland,3,1,No,Win,Lose,,,,,,,,,,,,,,
1978,1978-06-15,Netherlands,Iran,3,0,No,Win,Lose,,,,,,,,,,,,,,
1978,1978-06-15,Scotland,Iran,1,1,No,Draw,Draw,,,,,,,,,,,,,,
1978,1978-06-15,Netherlands,Peru,0,0,No,Draw,Draw,,,,,,,,,,,,,,
1978,1978-06-15,Peru,Iran,4,1,No,Win,Lose,,,,,,,,,,,,,,
1978,1978-06-15,Scotland,Netherlands,3,2,No,Win,Lose,,,,,,,,,,,,,,
1978,1978-06-15,Netherlands,Austria,5,1,No,Win,Lose,,,,,,,,,,,,,,
1978,1978-06-15,Germany,Italy,0,0,No,Draw,Draw,,,,,,,,,,,,,,
1978,1978-06-15,Germany,Netherlands,2,2,No,Draw,Draw,,,,,,,,,,,,,,
1978,1978-06-15,Italy,Austria,1,0,No,Win,Lose,,,,,,,,,,,,,,
1978,1978-06-15,Austria,Germany,3,2,No,Win,Lose,,,,,,,,,,,,,,
1978,1978-06-15,Netherlands,Italy,2,1,No,Win,Lose,,,,,,,,,,,,,,
1978,1978-06-15,Brazil,Peru,3,0,No,Win,Lose,,,,,,,,,,,,,,
1978,1978-06-15,Argentina,Poland,2,0,No,Win,Lose,,,,,,,,,,,,,,
1978,1978-06-15,Poland,Peru,1,0,No,Win,Lose,,,,,,,,,,,,,,
1978,1978-06-15,Argentina,Brazil,0,0,No,Draw,Draw,,,,,,,,,,,,,,
1978,1978-06-15,Brazil,Poland,3,1,No,Win,Lose,,,,,,,,,,,,,,
1978,1978-06-15,Argentina,Peru,6,0,No,Win,Lose,,,,,,,,,,,,,,
1978,1978-06-15,Brazil,Italy,2,1,No,Win,Lose,,,,,,,,,,,,,,
1978,1978-06-15,Argentina,Netherlands,3,1,No,Win,Lose,,,,,,,,,,,,,,
1982,1982-06-15,Italy,Poland,0,0,No,Draw,Draw,,,,,,,,,,,,,,
1982,1982-06-15,Peru,Cameroon,0,0,No,Draw,Draw,,,,,,,,,,,,,,
1982,1982-06-15,Italy,Peru,1,1,No,Draw,Draw,,,,,,,,,,,,,,
1982,1982-06-15,Poland,Cameroon,0,0,No,Draw,Draw,,,,,,,,,,,,,,
1982,1982-06-15,Poland,Peru,5,1,No,Win,Lose,,,,,,,,,,,,,,
1982,1982-06-15,Italy,Cameroon,1,1,No,Draw,Draw,,,,,,,,,,,,,,
1982,1982-06-15,Germany,Algeria,1,2,No,Lose,Win,,,,,,,,,,,,,,
1982,1982-06-15,Chile,Austria,0,1,No,Lose,Win,,,,,,,,,,,,,,
1982,1982-06-15,Germany,Chile,4,1,No,Win,Lose,,,,,,,,,,,,,,
1982,1982-06-15,Algeria,Austria,0,2,No,Lose,Win,,,,,,,,,,,,,,
1982,1982-06-15,Algeria,Chile,3,2,No,Win,Lose,,,,,,,,,,,,,,
1982,1982-06-15,Germany,Austria,1,0,No,Win,Lose,,,,,,,,,,,,,,
1982,1982-06-15,Argentina,Belgium,0,1,No,Lose,Win,,,,,,,,,,,,,,
1982,1982-06-15,Hungary,El Salvador,10,1,No,Win,Lose,,,,,,,,,,,,,,
1982,1982-06-15,Argentina,Hungary,4,1,No,Win,Lose,,,,,,,,,,,,,,
1982,1982-06-15,Belgium,El Salvador,1,0,No,Win,Lose,,,,,,,,,,,,,,
1982,1982-06-15,Belgium,Hungary,1,1,No,Draw,Draw,,,,,,,,,,,,,,
1982,1982-06-15,Argentina,El Salvador,2,0,No,Win,Lose,,,,,,,,,,,,,,
1982,1982-06-15,England,France,3,1,No,Win,Lose,,,,,,,,,,,,,,
1982,1982-06-15,Czechoslovakia,Kuwait,1,1,No,Draw,Draw,,,,,,,,,,,,,,
1982,1982-06-15,England,Czechoslovakia,2,0,No,Win,Lose,,,,,,,,,,,,,,
1982,1982-06-15,France,Kuwait,4,1,No,Win,Lose,,,,,,,,,,,,,,
1982,1982-06-15,France,Czechoslovakia,1,1,No,Draw,Draw,,,,,,,,,,,,,,
1982,1982-06-15,England,Kuwait,1,0,No,Win,Lose,,,,,,,,,,,,,,
1982,1982-06-15,Spain,Honduras,1,1,No,Draw,Draw,,,,,,,,,,,,,,
1982,1982-06-15,Yugoslavia,Northern Ireland,0,0,No,Draw,Draw,,,,,,,,,,,,,,
1982,1982-06-15,Spain,Yugoslavia,2,1,No,Win,Lose,,,,,,,,,,,,,,
1982,1982-06-15,Honduras,Northern Ireland,1,1,No,Draw,Draw,,,,,,,,,,,,,,
1982,1982-06-15,Honduras,Yugoslavia,0,1,No,Lose,Win,,,,,,,,,,,,,,
1982,1982-06-15,Northern Ireland,Spain,1,0,No,Win,Lose,,,,,,,,,,,,,,
1982,1982-06-15,Brazil,Russia,2,1,No,Win,Lose,,,,,,,,,,,,,,
1982,1982-06-15,Scotland,New Zealand,5,2,No,Win,Lose,,,,,,,,,,,,,,
1982,1982-06-15,Brazil,Scotland,4,1,No,Win,Lose,,,,,,,,,,,,,,
1982,1982-06-15,Russia,New Zealand,3,0,No,Win,Lose,,,,,,,,,,,,,,
1982,1982-06-15,Russia,Scotland,2,2,No,Draw,Draw,,,,,,,,,,,,,,
1982,1982-06-15,Brazil,New Zealand,4,0,No,Win,Lose,,,,,,,,,,,,,,
1982,1982-06-15,Poland,Belgium,3,0,No,Win,Lose,,,,,,,,,,,,,,
1982,1982-06-15,Belgium,Russia,0,1,No,Lose,Win,,,,,,,,,,,,,,
1982,1982-06-15,Poland,Russia,0,0,No,Draw,Draw,,,,,,,,,,,,,,
1982,1982-06-15,Germany,England,0,0,No,Draw,Draw,,,,,,,,,,,,,,
1982,1982-06-15,Germany,Spain,2,1,No,Win,Lose,,,,,,,,,,,,,,
1982,1982-06-15,Spain,England,0,0,No,Draw,Draw,,,,,,,,,,,,,,
1982,1982-06-15,Italy,Argentina,2,1,No,Win,Lose,,,,,,,,,,,,,,
1982,1982-06-15,Argentina,Brazil,1,3,No,Lose,Win,,,,,,,,,,,,,,
1982,1982-06-15,Italy,Brazil,3,2,No,Win,Lose,,,,,,,,,,,,,,
1982,1982-06-15,Austria,France,0,1,No,Lose,Win,,,,,,,,,,,,,,
1982,1982-06-15,Austria,Northern Ireland,2,2,No,Draw,Draw,,,,,,,,,,,,,,
1982,1982-06-15,France,Northern Ireland,4,1,No,Win,Lose,,,,,,,,,,,,,,
1982,1982-06-15,Poland,Italy,0,2,No,Lose,Win,,,,,,,,,,,,,,
1982,1982-06-15,Germany,France,3,3,Yes,Win,Lose,,,,,,,,,,,,,,
1982,1982-06-15,Poland,France,3,2,No,Win,Lose,,,,,,,,,,,,,,
1982,1982-06-15,Italy,Germany,3,1,No,Win,Lose,,,,,,,,,,,,,,
1986,1986-06-15,Bulgaria,Italy,1,1,No,Draw,Draw,,,,,,,,,,,,,,
1986,1986-06-15,Argentina,Korea Republic,3,1,No,Win,Lose,,,,,,,,,,,,,,
1986,1986-06-15,Italy,Argentina,1,1,No,Draw,Draw,,,,,,,,,,,,,,
1986,1986-06-15,Korea Republic,Bulgaria,1,1,No,Draw,Draw,,,,,,,,,,,,,,
1986,1986-06-15,Korea Republic,Italy,2,3,No,Lose,Win,,,,,,,,,,,,,,
1986,1986-06-15,Argentina,Bulgaria,2,0,No,Win,Lose,,,,,,,,,,,,,,
1986,1986-06-15,Belgium,Mexico,1,2,No,Lose,Win,,,,,,,,,,,,,,
1986,1986-06-15,Paraguay,Iraq,1,0,No,Win,Lose,,,,,,,,,,,,,,
1986,1986-06-15,Mexico,Paraguay,1,1,No,Draw,Draw,,,,,,,,,,,,,,
1986,1986-06-15,Iraq,Belgium,1,2,No,Lose,Win,,,,,,,,,,,,,,
1986,1986-06-15,Paraguay,Belgium,2,2,No,Draw,Draw,,,,,,,,,,,,,,
1986,1986-06-15,Iraq,Mexico,0,1,No,Lose,Win,,,,,,,,,,,,,,
1986,1986-06-15,Canada,France,0,1,No,Lose,Win,,,,,,,,,,,,,,
1986,1986-06-15,Russia,Hungary,6,0,No,Win,Lose,,,,,,,,,,,,,,
1986,1986-06-15,France,Russia,1,1,No,Draw,Draw,,,,,,,,,,,,,,
1986,1986-06-15,Hungary,Canada,2,0,No,Win,Lose,,,,,,,,,,,,,,
1986,1986-06-15,Hungary,France,0,3,No,Lose,Win,,,,,,,,,,,,,,
1986,1986-06-15,Russia,Canada,2,0,No,Win,Lose,,,,,,,,,,,,,,
1986,1986-06-15,Spain,Brazil,0,1,No,Lose,Win,,,,,,,,,,,,,,
1986,1986-06-15,Algeria,Northern Ireland,1,1,No,Draw,Draw,,,,,,,,,,,,,,
1986,1986-06-15,Brazil,Algeria,1,0,No,Win,Lose,,,,,,,,,,,,,,
1986,1986-06-15,Northern Ireland,Spain,1,2,No,Lose,Win,,,,,,,,,,,,,,
1986,1986-06-15,Northern Ireland,Brazil,0,3,No,Lose,Win,,,,,,,,,,,,,,
1986,1986-06-15,Algeria,Spain,0,3,No,Lose,Win,,,,,,,,,,,,,,
1986,1986-06-15,Uruguay,Germany,1,1,No,Draw,Draw,,,,,,,,,,,,,,
1986,1986-06-15,Scotland,Denmark,0,1,No,Lose,Win,,,,,,,,,,,,,,
1986,1986-06-15,Germany,Scotland,2,1,No,Win,Lose,,,,,,,,,,,,,,
1986,1986-06-15,Denmark,Uruguay,6,1,No,Win,Lose,,,,,,,,,,,,,,
1986,1986-06-15,Denmark,Germany,2,0,No,Win,Lose,,,,,,,,,,,,,,
1986,1986-06-15,Scotland,Uruguay,0,0,No,Draw,Draw,,,,,,,,,,,,,,
1986,1986-06-15,Morocco,Poland,0,0,No,Draw,Draw,,,,,,,,,,,,,,
1986,1986-06-15,Portugal,England,1,0,No,Win,Lose,,,,,,,,,,,,,,
1986,1986-06-15,England,Morocco,0,0,No,Draw,Draw,,,,,,,,,,,,,,
1986,1986-06-15,Poland,Portugal,1,0,No,Win,Lose,,,,,,,,,,,,,,
1986,1986-06-15,England,Poland,3,0,No,Win,Lose,,,,,,,,,,,,,,
1986,1986-06-15,Portugal,Morocco,1,3,No,Lose,Win,,,,,,,,,,,,,,
1986,1986-06-15,Mexico,Bulgaria,2,0,No,Win,Lose,,,,,,,,,,,,,,
1986,1986-06-15,Russia,Belgium,3,4,No,Lose,Win,,,,,,,,,,,,,,
1986,1986-06-15,Brazil,Poland,4,0,No,Win,Lose,,,,,,,,,,,,,,
1986,1986-06-15,Argentina,Uruguay,1,0,No,Win,Lose,,,,,,,,,,,,,,
1986,1986-06-15,Italy,France,0,2,No,Lose,Win,,,,,,,,,,,,,,
1986,1986-06-15,Morocco,Germany,0,1,No,Lose,Win,,,,,,,,,,,,,,
1986,1986-06-15,England,Paraguay,3,0,No,Win,Lose,,,,,,,,,,,,,,
1986,1986-06-15,Denmark,Spain,1,5,No,Lose,Win,,,,,,,,,,,,,,
1986,1986-06-15,Brazil,France,1,1,Yes,Lose,Win,,,,,,,,,,,,,,
1986,1986-06-15,Germany,Mexico,0,0,Yes,Win,Lose,,,,,,,,,,,,,,
1986,1986-06-15,Argentina,England,2,1,No,Win,Lose,,,,,,,,,,,,,,
1986,1986-06-15,Spain,Belgium,1,1,Yes,Lose,Win,,,,,,,,,,,,,,
1986,1986-06-15,France,Germany,0,2,No,Lose,Win,,,,,,,,,,,,,,
1986,1986-06-15,Argentina,Belgium,2,0,No,Win,Lose,,,,,,,,,,,,,,
1986,1986-06-15,France,Belgium,4,2,No,Win,Lose,,,,,,,,,,,,,,
1986,1986-06-15,Argentina,Germany,3,2,No,Win,Lose,,,,,,,,,,,,,,
1990,1990-06-15,Italy,Austria,1,0,No,Win,Lose,,,,,,,,,,,,,,
1990,1990-06-15,USA,Czechoslovakia,1,5,No,Lose,Win,,,,,,,,,,,,,,
1990,1990-06-15,Italy,USA,1,0,No,Win,Lose,,,,,,,,,,,,,,
1990,1990-06-15,Austria,Czechoslovakia,0,1,No,Lose,Win,,,,,,,,,,,,,,
1990,1990-06-15,Italy,Czechoslovakia,2,0,No,Win,Lose,,,,,,,,,,,,,,
1990,1990-06-15,Austria,USA,2,1,No,Win,Lose,,,,,,,,,,,,,,
1990,1990-06-15,Argentina,Cameroon,0,1,No,Lose,Win,,,,,,,,,,,,,,
1990,1990-06-15,Russia,Romania,0,2,No,Lose,Win,,,,,,,,,,,,,,
1990,1990-06-15,Argentina,Russia,2,0,No,Win,Lose,,,,,,,,,,,,,,
1990,1990-06-15,Cameroon,Romania,2,1,No,Win,Lose,,,,,,,,,,,,,,
1990,1990-06-15,Argentina,Romania,1,1,No,Draw,Draw,,,,,,,,,,,,,,
1990,1990-06-15,Cameroon,Russia,0,4,No,Lose,Win,,,,,,,,,,,,,,
1990,1990-06-15,Brazil,Sweden,2,1,No,Win,Lose,,,,,,,,,,,,,,
1990,1990-06-15,Costa Rica,Scotland,1,0,No,Win,Lose,,,,,,,,,,,,,,
1990,1990-06-15,Brazil,Costa Rica,1,0,No,Win,Lose,,,,,,,,,,,,,,
1990,1990-06-15,Sweden,Scotland,1,2,No,Lose,Win,,,,,,,,,,,,,,
1990,1990-06-15,Sweden,Costa Rica,1,2,No,Lose,Win,,,,,,,,,,,,,,
1990,1990-06-15,Brazil,Scotland,1,0,No,Win,Lose,,,,,,,,,,,,,,
1990,1990-06-15,United Arab Emirates,Colombia,0,2,No,Lose,Win,,,,,,,,,,,,,,
1990,1990-06-15,Germany,Yugoslavia,4,1,No,Win,Lose,,,,,,,,,,,,,,
1990,1990-06-15,Yugoslavia,Colombia,1,0,No,Win,Lose,,,,,,,,,,,,,,
1990,1990-06-15,Germany,United Arab Emirates,5,1,No,Win,Lose,,,,,,,,,,,,,,
1990,1990-06-15,Germany,Colombia,1,1,No,Draw,Draw,,,,,,,,,,,,,,
1990,1990-06-15,Yugoslavia,United Arab Emirates,4,1,No,Win,Lose,,,,,,,,,,,,,,
1990,1990-06-15,Belgium,Korea Republic,2,0,No,Win,Lose,,,,,,,,,,,,,,
1990,1990-06-15,Uruguay,Spain,0,0,No,Draw,Draw,,,,,,,,,,,,,,
1990,1990-06-15,Korea Republic,Spain,1,3,No,Lose,Win,,,,,,,,,,,,,,
1990,1990-06-15,Belgium,Uruguay,3,1,No,Win,Lose,,,,,,,,,,,,,,
1990,1990-06-15,Korea Republic,Uruguay,0,1,No,Lose,Win,,,,,,,,,,,,,,
1990,1990-06-15,Belgium,Spain,1,2,No,Lose,Win,,,,,,,,,,,,,,
1990,1990-06-15,England,Republic of Ireland,1,1,No,Draw,Draw,,,,,,,,,,,,,,
1990,1990-06-15,Netherlands,Egypt,1,1,No,Draw,Draw,,,,,,,,,,,,,,
1990,1990-06-15,England,Netherlands,0,0,No,Draw,Draw,,,,,,,,,,,,,,
1990,1990-06-15,Republic of Ireland,Egypt,0,0,No,Draw,Draw,,,,,,,,,,,,,,
1990,1990-06-15,England,Egypt,1,0,No,Win,Lose,,,,,,,,,,,,,,
1990,1990-06-15,Republic of Ireland,Netherlands,1,1,No,Draw,Draw,,,,,,,,,,,,,,
1990,1990-06-15,Cameroon,Colombia,2,1,No,Win,Lose,,,,,,,,,,,,,,
1990,1990-06-15,Czechoslovakia,Costa Rica,4,1,No,Win,Lose,,,,,,,,,,,,,,
1990,1990-06-15,Brazil,Argentina,0,1,No,Lose,Win,,,,,,,,,,,,,,
1990,1990-06-15,Germany,Netherlands,2,1,No,Win,Lose,,,,,,,,,,,,,,
1990,1990-06-15,Republic of Ireland,Romania,0,0,Yes,Win,Lose,,,,,,,,,,,,,,
1990,1990-06-15,Italy,Uruguay,2,0,No,Win,Lose,,,,,,,,,,,,,,
1990,1990-06-15,Spain,Yugoslavia,1,2,No,Lose,Win,,,,,,,,,,,,,,
1990,1990-06-15,England,Belgium,1,0,No,Win,Lose,,,,,,,,,,,,,,
1990,1990-06-15,Yugoslavia,Argentina,0,0,Yes,Lose,Win,,,,,,,,,,,,,,
1990,1990-06-15,Italy,Republic of Ireland,1,0,No,Win,Lose,,,,,,,,,,,,,,
1990,1990-06-15,Germany,Czechoslovakia,1,0,No,Win,Lose,,,,,,,,,,,,,,
1990,1990-06-15,England,Cameroon,3,2,No,Win,Lose,,,,,,,,,,,,,,
1990,1990-06-15,Italy,Argentina,1,1,Yes,Lose,Win,,,,,,,,,,,,,,
1990,1990-06-15,Germany,England,1,1,Yes,Win,Lose,,,,,,,,,,,,,,
1990,1990-06-15,Italy,England,2,1,No,Win,Lose,,,,,,,,,,,,,,
1990,1990-06-15,Germany,Argentina,1,0,No,Win,Lose,,,,,,,,,,,,,,
1994,1994-06-18 00:00:00,USA,Switzerland,1,1,No,Draw,Draw,23.0,12.0,0.0,0.0,0.0,0.0,,,,,,,,
1994,1994-06-18 00:00:00,Colombia,Romania,1,3,No,Lose,Win,17.0,7.0,0.0,0.0,0.0,0.0,,,,,,,,
1994,1994-06-22 00:00:00,Romania,Switzerland,1,4,No,Lose,Win,7.0,12.0,0.0,0.0,0.0,0.0,,,,,,,,
1994,1994-06-22 00:00:00,USA,Colombia,2,1,No,Win,Lose,23.0,17.0,0.0,0.0,0.0,0.0,,,,,,,,
1994,1994-06-26 00:00:00,USA,Romania,0,1,No,Lose,Win,23.0,7.0,0.0,0.0,0.0,0.0,,,,,,,,
1994,1994-06-26 00:00:00,Switzerland,Colombia,0,2,No,Lose,Win,12.0,17.0,0.0,0.0,0.0,0.0,,,,,,,,
1994,1994-06-19 00:00:00,Cameroon,Sweden,2,2,No,Draw,Draw,24.0,10.0,0.0,0.0,0.0,0.0,,,,,,,,
1994,1994-06-20 00:00:00,Brazil,Russia,2,0,No,Win,Lose,3.0,19.0,0.0,0.0,0.0,0.0,,,,,,,,
1994,1994-06-24 00:00:00,Brazil,Cameroon,3,0,No,Win,Lose,3.0,24.0,0.0,0.0,0.0,0.0,,,,,,,,
1994,1994-06-24 00:00:00,Sweden,Russia,3,1,No,Win,Lose,10.0,19.0,0.0,0.0,0.0,0.0,,,,,,,,
1994,1994-06-28 00:00:00,Russia,Cameroon,6,1,No,Win,Lose,19.0,24.0,0.0,0.0,0.0,0.0,,,,,,,,
1994,1994-06-28 00:00:00,Brazil,Sweden,1,1,No,Draw,Draw,3.0,10.0,0.0,0.0,0.0,0.0,,,,,,,,
1994,1994-06-17 00:00:00,Germany,Bolivia,1,0,No,Win,Lose,1.0,43.0,0.0,0.0,0.0,0.0,,,,,,,,
1994,1994-06-17 00:00:00,Spain,Korea Republic,2,2,No,Draw,Draw,5.0,37.0,0.0,0.0,0.0,0.0,,,,,,,,
1994,1994-06-21 00:00:00,Germany,Spain,1,1,No,Draw,Draw,1.0,5.0,0.0,0.0,0.0,0.0,,,,,,,,
1994,1994-06-23 00:00:00,Korea Republic,Bolivia,0,0,No,Draw,Draw,37.0,43.0,0.0,0.0,0.0,0.0,,,,,,,,
1994,1994-06-27 00:00:00,Bolivia,Spain,1,3,No,Lose,Win,43.0,5.0,0.0,0.0,0.0,0.0,,,,,,,,
1994,1994-06-27 00:00:00,Germany,Korea Republic,3,2,No,Win,Lose,1.0,37.0,0.0,0.0,0.0,0.0,,,,,,,,
1994,1994-06-21 00:00:00,Argentina,Greece,4,0,No,Win,Lose,8.0,31.0,0.0,0.0,0.0,0.0,,,,,,,,
1994,1994-06-21 00:00:00,Nigeria,Bulgaria,3,0,No,Win,Lose,11.0,29.0,0.0,0.0,0.0,0.0,,,,,,,,
1994,1994-06-25 00:00:00,Argentina,Nigeria,2,1,No,Win,Lose,8.0,11.0,0.0,0.0,0.0,0.0,,,,,,,,
1994,1994-06-26 00:00:00,Bulgaria,Greece,4,0,No,Win,Lose,29.0,31.0,0.0,0.0,0.0,0.0,,,,,,,,
1994,1994-06-30 00:00:00,Greece,Nigeria,0,2,No,Lose,Win,31.0,11.0,0.0,0.0,0.0,0.0,,,,,,,,
1994,1994-06-30 00:00:00,Argentina,Bulgaria,0,2,No,Lose,Win,8.0,29.0,0.0,0.0,0.0,0.0,,,,,,,,
1994,1994-06-18 00:00:00,Italy,Republic of Ireland,0,1,No,Lose,Win,4.0,14.0,0.0,0.0,0.0,0.0,,,,,,,,
1994,1994-06-19 00:00:00,Norway,Mexico,1,0,No,Win,Lose,6.0,16.0,0.0,0.0,0.0,0.0,,,,,,,,
1994,1994-06-23 00:00:00,Italy,Norway,1,0,No,Win,Lose,4.0,6.0,0.0,0.0,0.0,0.0,,,,,,,,
1994,1994-06-24 00:00:00,Mexico,Republic of Ireland,2,1,No,Win,Lose,16.0,14.0,0.0,0.0,0.0,0.0,,,,,,,,
1994,1994-06-28 00:00:00,Republic of Ireland,Norway,0,0,No,Draw,Draw,14.0,6.0,0.0,0.0,0.0,0.0,,,,,,,,
1994,1994-06-28 00:00:00,Italy,Mexico,1,1,No,Draw,Draw,4.0,16.0,0.0,0.0,0.0,0.0,,,,,,,,
1994,1994-06-19 00:00:00,Belgium,Morocco,1,0,No,Win,Lose,27.0,28.0,0.0,0.0,0.0,0.0,,,,,,,,
1994,1994-06-20 00:00:00,Netherlands,Saudi Arabia,2,1,No,Win,Lose,2.0,34.0,0.0,0.0,0.0,0.0,,,,,,,,
1994,1994-06-25 00:00:00,Belgium,Netherlands,1,0,No,Win,Lose,27.0,2.0,0.0,0.0,0.0,0.0,,,,,,,,
1994,1994-06-25 00:00:00,Saudi Arabia,Morocco,2,1,No,Win,Lose,34.0,28.0,0.0,0.0,0.0,0.0,,,,,,,,
1994,1994-06-29 00:00:00,Morocco,Netherlands,1,2,No,Lose,Win,28.0,2.0,0.0,0.0,0.0,0.0,,,,,,,,
1994,1994-06-29 00:00:00,Belgium,Saudi Arabia,0,1,No,Lose,Win,27.0,34.0,0.0,0.0,0.0,0.0,,,,,,,,
1994,1994-07-02 00:00:00,Germany,Belgium,3,2,No,Win,Lose,1.0,27.0,0.0,0.0,0.0,0.0,,,,,,,,
1994,1994-07-02 00:00:00,Spain,Switzerland,3,0,No,Win,Lose,5.0,12.0,0.0,0.0,0.0,0.0,,,,,,,,
1994,1994-07-03 00:00:00,Saudi Arabia,Sweden,1,3,No,Lose,Win,34.0,10.0,0.0,0.0,0.0,0.0,,,,,,,,
1994,1994-07-03 00:00:00,Romania,Argentina,3,2,No,Win,Lose,7.0,8.0,0.0,0.0,0.0,0.0,,,,,,,,
1994,1994-07-04 00:00:00,Netherlands,Republic of Ireland,2,0,No,Win,Lose,2.0,14.0,0.0,0.0,0.0,0.0,,,,,,,,
1994,1994-07-04 00:00:00,Brazil,USA,1,0,No,Win,Lose,3.0,23.0,0.0,0.0,0.0,0.0,,,,,,,,
1994,1994-07-05 00:00:00,Nigeria,Italy,1,2,No,Lose,Win,11.0,4.0,0.0,0.0,0.0,0.0,,,,,,,,
1994,1994-07-05 00:00:00,Mexico,Bulgaria,1,1,Yes,Lose,Win,16.0,29.0,0.0,0.0,0.0,0.0,,,,,,,,
1994,1994-07-09 00:00:00,Italy,Spain,2,1,No,Win,Lose,4.0,5.0,0.0,0.0,0.0,0.0,,,,,,,,
1994,1994-07-09 00:00:00,Netherlands,Brazil,2,3,No,Lose,Win,2.0,3.0,0.0,0.0,0.0,0.0,,,,,,,,
1994,1994-07-10 00:00:00,Bulgaria,Germany,2,1,No,Win,Lose,29.0,1.0,0.0,0.0,0.0,0.0,,,,,,,,
1994,1994-07-10 00:00:00,Romania,Sweden,2,2,Yes,Lose,Win,7.0,10.0,0.0,0.0,0.0,0.0,,,,,,,,
1994,1994-07-13 00:00:00,Bulgaria,Italy,1,2,No,Lose,Win,29.0,4.0,0.0,0.0,0.0,0.0,,,,,,,,
1994,1994-06-28 00:00:00,Sweden,Brazil,1,1,No,Draw,Draw,10.0,3.0,0.0,0.0,0.0,0.0,,,,,,,,
1994,1994-07-16 00:00:00,Sweden,Bulgaria,4,0,No,Win,Lose,10.0,29.0,0.0,0.0,0.0,0.0,,,,,,,,
1994,1994-07-17 00:00:00,Brazil,Italy,0,0,Yes,Win,Lose,3.0,4.0,0.0,0.0,0.0,0.0,,,,,,,,
1998,1998-06-10 00:00:00,Brazil,Scotland,2,1,No,Win,Lose,1.0,41.0,0.0,0.0,0.0,0.0,,,,,,,,
1998,1998-06-10 00:00:00,Morocco,Norway,2,2,No,Draw,Draw,13.0,7.0,0.0,0.0,0.0,0.0,,,,,,,,
1998,1998-06-16 00:00:00,Scotland,Norway,1,1,No,Draw,Draw,41.0,7.0,0.0,0.0,0.0,0.0,,,,,,,,
1998,1998-06-16 00:00:00,Brazil,Morocco,3,0,No,Win,Lose,1.0,13.0,0.0,0.0,0.0,0.0,,,,,,,,
1998,1998-06-23 00:00:00,Scotland,Morocco,0,3,No,Lose,Win,41.0,13.0,0.0,0.0,0.0,0.0,,,,,,,,
1998,1998-06-23 00:00:00,Brazil,Norway,1,2,No,Lose,Win,1.0,7.0,0.0,0.0,0.0,0.0,,,,,,,,
1998,1998-06-11 00:00:00,Italy,Chile,2,2,No,Draw,Draw,14.0,9.0,0.0,0.0,0.0,0.0,,,,,,,,
1998,1998-06-11 00:00:00,Cameroon,Austria,1,1,No,Draw,Draw,49.0,31.0,0.0,0.0,0.0,0.0,,,,,,,,
1998,1998-06-17 00:00:00,Chile,Austria,1,1,No,Draw,Draw,9.0,31.0,0.0,0.0,0.0,0.0,,,,,,,,
1998,1998-06-17 00:00:00,Italy,Cameroon,3,0,No,Win,Lose,14.0,49.0,0.0,0.0,0.0,0.0,,,,,,,,
1998,1998-06-23 00:00:00,Italy,Austria,2,1,No,Win,Lose,14.0,31.0,0.0,0.0,0.0,0.0,,,,,,,,
1998,1998-06-23 00:00:00,Chile,Cameroon,1,1,No,Draw,Draw,9.0,49.0,0.0,0.0,0.0,0.0,,,,,,,,
1998,1998-06-12 00:00:00,Saudi Arabia,Denmark,0,1,No,Lose,Win,34.0,27.0,0.0,0.0,0.0,0.0,,,,,,,,
1998,1998-06-12 00:00:00,France,South Africa,3,0,No,Win,Lose,18.0,24.0,0.0,0.0,0.0,0.0,,,,,,,,
1998,1998-06-18 00:00:00,South Africa,Denmark,1,1,No,Draw,Draw,24.0,27.0,0.0,0.0,0.0,0.0,,,,,,,,
1998,1998-06-18 00:00:00,France,Saudi Arabia,4,0,No,Win,Lose,18.0,34.0,0.0,0.0,0.0,0.0,,,,,,,,
1998,1998-06-24 00:00:00,France,Denmark,2,1,No,Win,Lose,18.0,27.0,0.0,0.0,0.0,0.0,,,,,,,,
1998,1998-06-24 00:00:00,South Africa,Saudi Arabia,2,2,No,Draw,Draw,24.0,34.0,0.0,0.0,0.0,0.0,,,,,,,,
1998,1998-06-12 00:00:00,Paraguay,Bulgaria,0,0,No,Draw,Draw,29.0,35.0,0.0,0.0,0.0,0.0,,,,,,,,
1998,1998-06-13 00:00:00,Spain,Nigeria,2,3,No,Lose,Win,15.0,74.0,0.0,0.0,0.0,0.0,,,,,,,,
1998,1998-06-19 00:00:00,Nigeria,Bulgaria,1,0,No,Win,Lose,74.0,35.0,0.0,0.0,0.0,0.0,,,,,,,,
1998,1998-06-19 00:00:00,Spain,Paraguay,0,0,No,Draw,Draw,15.0,29.0,0.0,0.0,0.0,0.0,,,,,,,,
1998,1998-06-24 00:00:00,Spain,Bulgaria,6,1,No,Win,Lose,15.0,35.0,0.0,0.0,0.0,0.0,,,,,,,,
1998,1998-06-24 00:00:00,Nigeria,Paraguay,1,3,No,Lose,Win,74.0,29.0,0.0,0.0,0.0,0.0,,,,,,,,
1998,1998-06-13 00:00:00,Korea Republic,Mexico,1,3,No,Lose,Win,20.0,4.0,0.0,0.0,0.0,0.0,,,,,,,,
1998,1998-06-13 00:00:00,Netherlands,Belgium,0,0,No,Draw,Draw,25.0,36.0,0.0,0.0,0.0,0.0,,,,,,,,
1998,1998-06-20 00:00:00,Belgium,Mexico,2,2,No,Draw,Draw,36.0,4.0,0.0,0.0,0.0,0.0,,,,,,,,
1998,1998-06-20 00:00:00,Netherlands,Korea Republic,5,0,No,Win,Lose,25.0,20.0,0.0,0.0,0.0,0.0,,,,,,,,
1998,1998-06-25 00:00:00,Belgium,Korea Republic,1,1,No,Draw,Draw,36.0,20.0,0.0,0.0,0.0,0.0,,,,,,,,
1998,1998-06-25 00:00:00,Netherlands,Mexico,2,2,No,Draw,Draw,25.0,4.0,0.0,0.0,0.0,0.0,,,,,,,,
1998,1998-06-15,Serbia,Iran,1,0,No,Win,Lose,,,,,,,,,,,,,,
1998,1998-06-15 00:00:00,Germany,USA,2,0,No,Win,Lose,2.0,11.0,0.0,0.0,0.0,0.0,,,,,,,,
1998,1998-06-15,Germany,Serbia,2,2,No,Draw,Draw,,,,,,,,,,,,,,
1998,1998-06-15,USA,Iran,1,2,No,Lose,Win,,,,,,,,,,,,,,
1998,1998-06-15,Germany,Iran,2,0,No,Win,Lose,,,,,,,,,,,,,,
1998,1998-06-15,USA,Serbia,0,1,No,Lose,Win,,,,,,,,,,,,,,
1998,1998-06-15 00:00:00,England,Tunisia,2,0,No,Win,Lose,5.0,21.0,0.0,0.0,0.0,0.0,,,,,,,,
1998,1998-06-15 00:00:00,Romania,Colombia,1,0,No,Win,Lose,22.0,10.0,0.0,0.0,0.0,0.0,,,,,,,,
1998,1998-06-22 00:00:00,Colombia,Tunisia,1,0,No,Win,Lose,10.0,21.0,0.0,0.0,0.0,0.0,,,,,,,,
1998,1998-06-22 00:00:00,Romania,England,2,1,No,Win,Lose,22.0,5.0,0.0,0.0,0.0,0.0,,,,,,,,
1998,1998-06-26 00:00:00,Romania,Tunisia,1,1,No,Draw,Draw,22.0,21.0,0.0,0.0,0.0,0.0,,,,,,,,
1998,1998-06-26 00:00:00,Colombia,England,0,2,No,Lose,Win,10.0,5.0,0.0,0.0,0.0,0.0,,,,,,,,
1998,1998-06-14 00:00:00,Argentina,Japan,1,0,No,Win,Lose,6.0,12.0,0.0,0.0,0.0,0.0,,,,,,,,
1998,1998-06-14 00:00:00,Jamaica,Croatia,1,3,No,Lose,Win,30.0,19.0,0.0,0.0,0.0,0.0,,,,,,,,
1998,1998-06-20 00:00:00,Japan,Croatia,0,1,No,Lose,Win,12.0,19.0,0.0,0.0,0.0,0.0,,,,,,,,
1998,1998-06-21 00:00:00,Argentina,Jamaica,5,0,No,Win,Lose,6.0,30.0,0.0,0.0,0.0,0.0,,,,,,,,
1998,1998-06-26 00:00:00,Japan,Jamaica,1,2,No,Lose,Win,12.0,30.0,0.0,0.0,0.0,0.0,,,,,,,,
1998,1998-06-26 00:00:00,Argentina,Croatia,1,0,No,Win,Lose,6.0,19.0,0.0,0.0,0.0,0.0,,,,,,,,
1998,1998-06-27 00:00:00,Italy,Norway,1,0,No,Win,Lose,14.0,7.0,0.0,0.0,0.0,0.0,,,,,,,,
1998,1998-06-27 00:00:00,Brazil,Chile,4,1,No,Win,Lose,1.0,9.0,0.0,0.0,0.0,0.0,,,,,,,,
1998,1998-06-28 00:00:00,France,Paraguay,1,0,No,Win,Lose,18.0,29.0,0.0,0.0,0.0,0.0,,,,,,,,
1998,1998-06-28 00:00:00,Nigeria,Denmark,1,4,No,Lose,Win,74.0,27.0,0.0,0.0,0.0,0.0,,,,,,,,
1998,1998-06-29 00:00:00,Germany,Mexico,2,1,No,Win,Lose,2.0,4.0,0.0,0.0,0.0,0.0,,,,,,,,
1998,1998-06-15,Netherlands,Serbia,2,1,No,Win,Lose,,,,,,,,,,,,,,
1998,1998-06-30 00:00:00,Romania,Croatia,0,1,No,Lose,Win,22.0,19.0,0.0,0.0,0.0,0.0,,,,,,,,
1998,1998-06-30 00:00:00,Argentina,England,2,2,Yes,Win,Lose,6.0,5.0,0.0,0.0,0.0,0.0,,,,,,,,
1998,1998-07-03 00:00:00,Italy,France,0,0,Yes,Lose,Win,14.0,18.0,0.0,0.0,0.0,0.0,,,,,,,,
1998,1998-07-03 00:00:00,Brazil,Denmark,3,2,No,Win,Lose,1.0,27.0,0.0,0.0,0.0,0.0,,,,,,,,
1998,1998-07-04 00:00:00,Netherlands,Argentina,2,1,No,Win,Lose,25.0,6.0,0.0,0.0,0.0,0.0,,,,,,,,
1998,1998-07-04 00:00:00,Germany,Croatia,0,3,No,Lose,Win,2.0,19.0,0.0,0.0,0.0,0.0,,,,,,,,
1998,1998-07-07 00:00:00,Brazil,Netherlands,1,1,Yes,Win,Lose,1.0,25.0,0.0,0.0,0.0,0.0,,,,,,,,
1998,1998-07-08 00:00:00,France,Croatia,2,1,No,Win,Lose,18.0,19.0,0.0,0.0,0.0,0.0,,,,,,,,
1998,1998-07-11 00:00:00,Netherlands,Croatia,1,2,No,Lose,Win,25.0,19.0,0.0,0.0,0.0,0.0,,,,,,,,
1998,1998-07-12 00:00:00,Brazil,France,0,3,No,Lose,Win,1.0,18.0,0.0,0.0,0.0,0.0,,,,,,,,
2002,2002-05-31 00:00:00,France,Senegal,0,1,No,Lose,Win,1.0,42.0,0.0,0.0,0.0,0.0,,,,,,,,
2002,2002-06-01 00:00:00,Uruguay,Denmark,1,2,No,Lose,Win,24.0,20.0,0.0,0.0,0.0,0.0,,,,,,,,
2002,2002-06-06 00:00:00,Denmark,Senegal,1,1,No,Draw,Draw,20.0,42.0,0.0,0.0,0.0,0.0,,,,,,,,
2002,2002-06-06 00:00:00,France,Uruguay,0,0,No,Draw,Draw,1.0,24.0,0.0,0.0,0.0,0.0,,,,,,,,
2002,2002-06-11 00:00:00,Denmark,France,2,0,No,Win,Lose,20.0,1.0,0.0,0.0,0.0,0.0,,,,,,,,
2002,2002-06-11 00:00:00,Senegal,Uruguay,3,3,No,Draw,Draw,42.0,24.0,0.0,0.0,0.0,0.0,,,,,,,,
2002,2002-06-02 00:00:00,Paraguay,South Africa,2,2,No,Draw,Draw,18.0,37.0,0.0,0.0,0.0,0.0,,,,,,,,
2002,2002-06-02 00:00:00,Spain,Slovenia,3,1,No,Win,Lose,8.0,25.0,0.0,0.0,0.0,0.0,,,,,,,,
2002,2002-06-07 00:00:00,Spain,Paraguay,3,1,No,Win,Lose,8.0,18.0,0.0,0.0,0.0,0.0,,,,,,,,
2002,2002-06-08 00:00:00,South Africa,Slovenia,1,0,No,Win,Lose,37.0,25.0,0.0,0.0,0.0,0.0,,,,,,,,
2002,2002-06-12 00:00:00,South Africa,Spain,2,3,No,Lose,Win,37.0,8.0,0.0,0.0,0.0,0.0,,,,,,,,
2002,2002-06-12 00:00:00,Slovenia,Paraguay,1,3,No,Lose,Win,25.0,18.0,0.0,0.0,0.0,0.0,,,,,,,,
2002,2002-06-03 00:00:00,Brazil,Turkey,2,1,No,Win,Lose,2.0,22.0,0.0,0.0,0.0,0.0,,,,,,,,
2002,2002-06-04 00:00:00,China PR,Costa Rica,0,2,No,Lose,Win,50.0,29.0,0.0,0.0,0.0,0.0,,,,,,,,
2002,2002-06-08 00:00:00,Brazil,China PR,4,0,No,Win,Lose,2.0,50.0,0.0,0.0,0.0,0.0,,,,,,,,
2002,2002-06-09 00:00:00,Costa Rica,Turkey,1,1,No,Draw,Draw,29.0,22.0,0.0,0.0,0.0,0.0,,,,,,,,
2002,2002-06-13 00:00:00,Costa Rica,Brazil,2,5,No,Lose,Win,29.0,2.0,0.0,0.0,0.0,0.0,,,,,,,,
2002,2002-06-13 00:00:00,Turkey,China PR,3,0,No,Win,Lose,22.0,50.0,0.0,0.0,0.0,0.0,,,,,,,,
2002,2002-06-04 00:00:00,Korea Republic,Poland,2,0,No,Win,Lose,40.0,38.0,0.0,0.0,0.0,0.0,,,,,,,,
2002,2002-06-05 00:00:00,USA,Portugal,3,2,No,Win,Lose,13.0,5.0,0.0,0.0,0.0,0.0,,,,,,,,
2002,2002-06-10 00:00:00,Korea Republic,USA,1,1,No,Draw,Draw,40.0,13.0,0.0,0.0,0.0,0.0,,,,,,,,
2002,2002-06-10 00:00:00,Portugal,Poland,4,0,No,Win,Lose,5.0,38.0,0.0,0.0,0.0,0.0,,,,,,,,
2002,2002-06-14 00:00:00,Portugal,Korea Republic,0,1,No,Lose,Win,5.0,40.0,0.0,0.0,0.0,0.0,,,,,,,,
2002,2002-06-14 00:00:00,Poland,USA,3,1,No,Win,Lose,38.0,13.0,0.0,0.0,0.0,0.0,,,,,,,,
2002,2002-06-01 00:00:00,Republic of Ireland,Cameroon,1,1,No,Draw,Draw,15.0,17.0,0.0,0.0,0.0,0.0,,,,,,,,
2002,2002-06-01 00:00:00,Germany,Saudi Arabia,8,0,No,Win,Lose,11.0,34.0,0.0,0.0,0.0,0.0,,,,,,,,
2002,2002-06-05 00:00:00,Germany,Republic of Ireland,1,1,No,Draw,Draw,11.0,15.0,0.0,0.0,0.0,0.0,,,,,,,,
2002,2002-06-06 00:00:00,Cameroon,Saudi Arabia,1,0,No,Win,Lose,17.0,34.0,0.0,0.0,0.0,0.0,,,,,,,,
2002,2002-06-11 00:00:00,Cameroon,Germany,0,2,No,Lose,Win,17.0,11.0,0.0,0.0,0.0,0.0,,,,,,,,
2002,2002-06-11 00:00:00,Saudi Arabia,Republic of Ireland,0,3,No,Lose,Win,34.0,15.0,0.0,0.0,0.0,0.0,,,,,,,,
2002,2002-06-02 00:00:00,Argentina,Nigeria,1,0,No,Win,Lose,3.0,27.0,0.0,0.0,0.0,0.0,,,,,,,,
2002,2002-06-02 00:00:00,England,Sweden,1,1,No,Draw,Draw,12.0,19.0,0.0,0.0,0.0,0.0,,,,,,,,
2002,2002-06-07 00:00:00,Sweden,Nigeria,2,1,No,Win,Lose,19.0,27.0,0.0,0.0,0.0,0.0,,,,,,,,
2002,2002-06-07 00:00:00,Argentina,England,0,1,No,Lose,Win,3.0,12.0,0.0,0.0,0.0,0.0,,,,,,,,
2002,2002-06-12 00:00:00,Sweden,Argentina,1,1,No,Draw,Draw,19.0,3.0,0.0,0.0,0.0,0.0,,,,,,,,
2002,2002-06-12 00:00:00,Nigeria,England,0,0,No,Draw,Draw,27.0,12.0,0.0,0.0,0.0,0.0,,,,,,,,
2002,2002-06-03 00:00:00,Croatia,Mexico,0,1,No,Lose,Win,21.0,7.0,0.0,0.0,0.0,0.0,,,,,,,,
2002,2002-06-03 00:00:00,Italy,Ecuador,2,0,No,Win,Lose,6.0,36.0,0.0,0.0,0.0,0.0,,,,,,,,
2002,2002-06-08 00:00:00,Italy,Croatia,1,2,No,Lose,Win,6.0,21.0,0.0,0.0,0.0,0.0,,,,,,,,
2002,2002-06-09 00:00:00,Mexico,Ecuador,2,1,No,Win,Lose,7.0,36.0,0.0,0.0,0.0,0.0,,,,,,,,
2002,2002-06-13 00:00:00,Mexico,Italy,1,1,No,Draw,Draw,7.0,6.0,0.0,0.0,0.0,0.0,,,,,,,,
2002,2002-06-13 00:00:00,Ecuador,Croatia,1,0,No,Win,Lose,36.0,21.0,0.0,0.0,0.0,0.0,,,,,,,,
2002,2002-06-04 00:00:00,Japan,Belgium,2,2,No,Draw,Draw,32.0,23.0,0.0,0.0,0.0,0.0,,,,,,,,
2002,2002-06-05 00:00:00,Russia,Tunisia,2,0,No,Win,Lose,28.0,31.0,0.0,0.0,0.0,0.0,,,,,,,,
2002,2002-06-09 00:00:00,Japan,Russia,1,0,No,Win,Lose,32.0,28.0,0.0,0.0,0.0,0.0,,,,,,,,
2002,2002-06-10 00:00:00,Tunisia,Belgium,1,1,No,Draw,Draw,31.0,23.0,0.0,0.0,0.0,0.0,,,,,,,,
2002,2002-06-14 00:00:00,Tunisia,Japan,0,2,No,Lose,Win,31.0,32.0,0.0,0.0,0.0,0.0,,,,,,,,
2002,2002-06-14 00:00:00,Belgium,Russia,3,2,No,Win,Lose,23.0,28.0,0.0,0.0,0.0,0.0,,,,,,,,
2002,2002-06-15 00:00:00,Germany,Paraguay,1,0,No,Win,Lose,11.0,18.0,0.0,0.0,0.0,0.0,,,,,,,,
2002,2002-06-15 00:00:00,Denmark,England,0,3,No,Lose,Win,20.0,12.0,0.0,0.0,0.0,0.0,,,,,,,,
2002,2002-06-16 00:00:00,Sweden,Senegal,1,2,No,Lose,Win,19.0,42.0,0.0,0.0,0.0,0.0,,,,,,,,
2002,2002-06-16 00:00:00,Spain,Republic of Ireland,1,1,Yes,Win,Lose,8.0,15.0,0.0,0.0,0.0,0.0,,,,,,,,
2002,2002-06-17 00:00:00,Mexico,USA,0,2,No,Lose,Win,7.0,13.0,0.0,0.0,0.0,0.0,,,,,,,,
2002,2002-06-17 00:00:00,Brazil,Belgium,2,0,No,Win,Lose,2.0,23.0,0.0,0.0,0.0,0.0,,,,,,,,
2002,2002-06-18 00:00:00,Japan,Turkey,0,1,No,Lose,Win,32.0,22.0,0.0,0.0,0.0,0.0,,,,,,,,
2002,2002-06-18 00:00:00,Korea Republic,Italy,2,1,No,Win,Lose,40.0,6.0,0.0,0.0,0.0,0.0,,,,,,,,
2002,2002-06-21 00:00:00,England,Brazil,1,2,No,Lose,Win,12.0,2.0,0.0,0.0,0.0,0.0,,,,,,,,
2002,2002-06-21 00:00:00,Germany,USA,1,0,No,Win,Lose,11.0,13.0,0.0,0.0,0.0,0.0,,,,,,,,
2002,2002-06-22 00:00:00,Spain,Korea Republic,0,0,Yes,Lose,Win,8.0,40.0,0.0,0.0,0.0,0.0,,,,,,,,
2002,2002-06-22 00:00:00,Senegal,Turkey,0,1,No,Lose,Win,42.0,22.0,0.0,0.0,0.0,0.0,,,,,,,,
2002,2002-06-25 00:00:00,Germany,Korea Republic,1,0,No,Win,Lose,11.0,40.0,0.0,0.0,0.0,0.0,,,,,,,,
2002,2002-06-03 00:00:00,Brazil,Turkey,2,1,No,Win,Lose,2.0,22.0,0.0,0.0,0.0,0.0,,,,,,,,
2002,2002-06-29 00:00:00,Korea Republic,Turkey,2,3,No,Lose,Win,40.0,22.0,0.0,0.0,0.0,0.0,,,,,,,,
2002,2002-06-30 00:00:00,Germany,Brazil,0,2,No,Lose,Win,11.0,2.0,0.0,0.0,0.0,0.0,,,,,,,,
2006,2006-06-09 00:00:00,Germany,Costa Rica,4,2,No,Win,Lose,19.0,26.0,0.0,0.0,0.0,0.0,93.0,72.0,86.2,85.0,86.0,69.5,70.0,68.8
2006,2006-06-09 00:00:00,Poland,Ecuador,0,2,No,Lose,Win,29.0,39.0,0.0,0.0,0.0,0.0,88.0,,78.2,82.0,76.2,,,
2006,2006-06-14 00:00:00,Germany,Poland,1,0,No,Win,Lose,19.0,29.0,0.0,0.0,0.0,0.0,93.0,88.0,86.2,85.0,86.0,78.2,82.0,76.2
2006,2006-06-15 00:00:00,Ecuador,Costa Rica,3,0,No,Win,Lose,39.0,26.0,0.0,0.0,0.0,0.0,,72.0,,,,69.5,70.0,68.8
2006,2006-06-20 00:00:00,Ecuador,Germany,0,3,No,Lose,Win,39.0,19.0,0.0,0.0,0.0,0.0,,93.0,,,,86.2,85.0,86.0
2006,2006-06-20 00:00:00,Costa Rica,Poland,1,2,No,Lose,Win,26.0,29.0,0.0,0.0,0.0,0.0,72.0,88.0,69.5,70.0,68.8,78.2,82.0,76.2
2006,2006-06-10 00:00:00,England,Paraguay,1,0,No,Win,Lose,10.0,33.0,0.0,0.0,0.0,0.0,87.0,81.0,89.5,90.0,88.2,76.2,80.0,70.2
2006,2006-06-10 00:00:00,Trinidad and Tobago,Sweden,0,0,No,Draw,Draw,47.0,16.0,0.0,0.0,0.0,0.0,73.0,80.0,65.5,68.0,,79.2,83.3,79.2
2006,2006-06-15 00:00:00,England,Trinidad and Tobago,2,0,No,Win,Lose,10.0,47.0,0.0,0.0,0.0,0.0,87.0,73.0,89.5,90.0,88.2,65.5,68.0,
2006,2006-06-15 00:00:00,Sweden,Paraguay,1,0,No,Win,Lose,16.0,33.0,0.0,0.0,0.0,0.0,80.0,81.0,79.2,83.3,79.2,76.2,80.0,70.2
2006,2006-06-20 00:00:00,Sweden,England,2,2,No,Draw,Draw,16.0,10.0,0.0,0.0,0.0,0.0,80.0,87.0,79.2,83.3,79.2,89.5,90.0,88.2
2006,2006-06-20 00:00:00,Paraguay,Trinidad and Tobago,2,0,No,Win,Lose,33.0,47.0,0.0,0.0,0.0,0.0,81.0,73.0,76.2,80.0,70.2,65.5,68.0,
2006,2006-06-10 00:00:00,Argentina,Côte d'Ivoire,2,1,No,Win,Lose,9.0,32.0,0.0,0.0,0.0,0.0,87.0,69.0,86.5,86.0,87.0,81.2,81.7,75.8
2006,2006-06-11 00:00:00,Serbia,Netherlands,0,1,No,Lose,Win,47.0,3.0,0.0,0.0,0.0,0.0,75.0,86.0,78.5,82.3,81.5,84.0,91.0,85.2
2006,2006-06-16 00:00:00,Argentina,Serbia,6,0,No,Win,Lose,9.0,47.0,0.0,0.0,0.0,0.0,87.0,75.0,86.5,86.0,87.0,78.5,82.3,81.5
2006,2006-06-16 00:00:00,Netherlands,Côte d'Ivoire,2,1,No,Win,Lose,3.0,32.0,0.0,0.0,0.0,0.0,86.0,69.0,84.0,91.0,85.2,81.2,81.7,75.8
2006,2006-06-21 00:00:00,Netherlands,Argentina,0,0,No,Draw,Draw,3.0,9.0,0.0,0.0,0.0,0.0,86.0,87.0,84.0,91.0,85.2,86.5,86.0,87.0
2006,2006-06-21 00:00:00,Côte d'Ivoire,Serbia,3,2,No,Win,Lose,32.0,47.0,0.0,0.0,0.0,0.0,69.0,75.0,81.2,81.7,75.8,78.5,82.3,81.5
2006,2006-06-15,Mexico,Iran,3,1,No,Win,Lose,,,,,,,,,,,,,,
2006,2006-06-11 00:00:00,Angola,Portugal,0,1,No,Lose,Win,57.0,7.0,0.0,0.0,0.0,0.0,66.0,83.0,,79.3,,85.5,81.0,89.0
2006,2006-06-16 00:00:00,Mexico,Angola,0,0,No,Draw,Draw,4.0,57.0,0.0,0.0,0.0,0.0,83.0,66.0,77.0,80.3,75.2,,79.3,
2006,2006-06-15,Portugal,Iran,2,0,No,Win,Lose,,,,,,,,,,,,,,
2006,2006-06-21 00:00:00,Portugal,Mexico,2,1,No,Win,Lose,7.0,4.0,0.0,0.0,0.0,0.0,83.0,83.0,85.5,81.0,89.0,77.0,80.3,75.2
2006,2006-06-15,Iran,Angola,1,1,No,Draw,Draw,,,,,,,,,,,,,,
2006,2006-06-12 00:00:00,USA,Czech Republic,0,3,No,Lose,Win,5.0,2.0,0.0,0.0,0.0,0.0,84.0,94.0,77.2,76.7,78.5,82.2,83.0,83.5
2006,2006-06-12 00:00:00,Italy,Ghana,2,0,No,Win,Lose,13.0,48.0,0.0,0.0,0.0,0.0,95.0,,90.2,89.3,86.5,75.5,73.3,77.0
2006,2006-06-17 00:00:00,Czech Republic,Ghana,0,2,No,Lose,Win,2.0,48.0,0.0,0.0,0.0,0.0,94.0,,82.2,83.0,83.5,75.5,73.3,77.0
2006,2006-06-17 00:00:00,Italy,USA,1,1,No,Draw,Draw,13.0,5.0,0.0,0.0,0.0,0.0,95.0,84.0,90.2,89.3,86.5,77.2,76.7,78.5
2006,2006-06-22 00:00:00,Czech Republic,Italy,0,2,No,Lose,Win,2.0,13.0,0.0,0.0,0.0,0.0,94.0,95.0,82.2,83.0,83.5,90.2,89.3,86.5
2006,2006-06-22 00:00:00,Ghana,USA,2,1,No,Win,Lose,48.0,5.0,0.0,0.0,0.0,0.0,,84.0,75.5,73.3,77.0,77.2,76.7,78.5
2006,2006-06-12 00:00:00,Australia,Japan,3,1,No,Win,Lose,42.0,18.0,0.0,0.0,0.0,0.0,83.0,,72.8,76.3,78.8,,70.3,74.8
2006,2006-06-13 00:00:00,Brazil,Croatia,1,0,No,Win,Lose,1.0,23.0,0.0,0.0,0.0,0.0,91.0,77.0,88.0,92.7,92.0,82.5,82.0,77.5
2006,2006-06-18 00:00:00,Japan,Croatia,0,0,No,Draw,Draw,18.0,23.0,0.0,0.0,0.0,0.0,,77.0,,70.3,74.8,82.5,82.0,77.5
2006,2006-06-18 00:00:00,Brazil,Australia,2,0,No,Win,Lose,1.0,42.0,0.0,0.0,0.0,0.0,91.0,83.0,88.0,92.7,92.0,72.8,76.3,78.8
2006,2006-06-22 00:00:00,Japan,Brazil,1,4,No,Lose,Win,18.0,1.0,0.0,0.0,0.0,0.0,,91.0,,70.3,74.8,88.0,92.7,92.0
2006,2006-06-22 00:00:00,Croatia,Australia,2,2,No,Draw,Draw,23.0,42.0,0.0,0.0,0.0,0.0,77.0,83.0,82.5,82.0,77.5,72.8,76.3,78.8
2006,2006-06-13 00:00:00,Korea Republic,Togo,2,1,No,Win,Lose,29.0,61.0,0.0,0.0,0.0,0.0,76.0,67.0,76.0,79.3,75.0,,72.0,
2006,2006-06-13 00:00:00,France,Switzerland,0,0,No,Draw,Draw,8.0,35.0,0.0,0.0,0.0,0.0,90.0,75.0,87.5,91.0,89.0,78.8,77.7,77.0
2006,2006-06-18 00:00:00,France,Korea Republic,1,1,No,Draw,Draw,8.0,29.0,0.0,0.0,0.0,0.0,90.0,76.0,87.5,91.0,89.0,76.0,79.3,75.0
2006,2006-06-19 00:00:00,Togo,Switzerland,0,2,No,Lose,Win,61.0,35.0,0.0,0.0,0.0,0.0,67.0,75.0,,72.0,,78.8,77.7,77.0
2006,2006-06-23 00:00:00,Togo,France,0,2,No,Lose,Win,61.0,8.0,0.0,0.0,0.0,0.0,67.0,90.0,,72.0,,87.5,91.0,89.0
2006,2006-06-23 00:00:00,Switzerland,Korea Republic,2,0,No,Win,Lose,35.0,29.0,0.0,0.0,0.0,0.0,75.0,76.0,78.8,77.7,77.0,76.0,79.3,75.0
2006,2006-06-14 00:00:00,Spain,Ukraine,4,0,No,Win,Lose,5.0,45.0,0.0,0.0,0.0,0.0,95.0,,87.5,88.7,89.2,,81.7,67.5
2006,2006-06-14 00:00:00,Tunisia,Saudi Arabia,2,2,No,Draw,Draw,21.0,34.0,0.0,0.0,0.0,0.0,67.0,,71.5,70.7,73.0,,,
2006,2006-06-19 00:00:00,Saudi Arabia,Ukraine,0,4,No,Lose,Win,34.0,45.0,0.0,0.0,0.0,0.0,,,,,,,81.7,67.5
2006,2006-06-19 00:00:00,Spain,Tunisia,3,1,No,Win,Lose,5.0,21.0,0.0,0.0,0.0,0.0,95.0,67.0,87.5,88.7,89.2,71.5,70.7,73.0
2006,2006-06-23 00:00:00,Saudi Arabia,Spain,0,1,No,Lose,Win,34.0,5.0,0.0,0.0,0.0,0.0,,95.0,,,,87.5,88.7,89.2
2006,2006-06-23 00:00:00,Ukraine,Tunisia,1,0,No,Win,Lose,45.0,21.0,0.0,0.0,0.0,0.0,,67.0,,81.7,67.5,71.5,70.7,73.0
2006,2006-06-24 00:00:00,Germany,Sweden,2,0,No,Win,Lose,19.0,16.0,0.0,0.0,0.0,0.0,93.0,80.0,86.2,85.0,86.0,79.2,83.3,79.2
2006,2006-06-24 00:00:00,Argentina,Mexico,2,1,No,Win,Lose,9.0,4.0,0.0,0.0,0.0,0.0,87.0,83.0,86.5,86.0,87.0,77.0,80.3,75.2
2006,2006-06-25 00:00:00,England,Ecuador,1,0,No,Win,Lose,10.0,39.0,0.0,0.0,0.0,0.0,87.0,,89.5,90.0,88.2,,,
2006,2006-06-25 00:00:00,Portugal,Netherlands,1,0,No,Win,Lose,7.0,3.0,0.0,0.0,0.0,0.0,83.0,86.0,85.5,81.0,89.0,84.0,91.0,85.2
2006,2006-06-26 00:00:00,Italy,Australia,1,0,No,Win,Lose,13.0,42.0,0.0,0.0,0.0,0.0,95.0,83.0,90.2,89.3,86.5,72.8,76.3,78.8
2006,2006-06-26 00:00:00,Switzerland,Ukraine,0,0,Yes,Lose,Win,35.0,45.0,0.0,0.0,0.0,0.0,75.0,,78.8,77.7,77.0,,81.7,67.5
2006,2006-06-27 00:00:00,Brazil,Ghana,3,0,No,Win,Lose,1.0,48.0,0.0,0.0,0.0,0.0,91.0,,88.0,92.7,92.0,75.5,73.3,77.0
2006,2006-06-27 00:00:00,Spain,France,1,3,No,Lose,Win,5.0,8.0,0.0,0.0,0.0,0.0,95.0,90.0,87.5,88.7,89.2,87.5,91.0,89.0
2006,2006-06-30 00:00:00,Germany,Argentina,1,1,Yes,Win,Lose,19.0,9.0,0.0,0.0,0.0,0.0,93.0,87.0,86.2,85.0,86.0,86.5,86.0,87.0
2006,2006-06-30 00:00:00,Italy,Ukraine,3,0,No,Win,Lose,13.0,45.0,0.0,0.0,0.0,0.0,95.0,,90.2,89.3,86.5,,81.7,67.5
2006,2006-07-01 00:00:00,England,Portugal,0,0,Yes,Lose,Win,10.0,7.0,0.0,0.0,0.0,0.0,87.0,83.0,89.5,90.0,88.2,85.5,81.0,89.0
2006,2006-07-01 00:00:00,Brazil,France,0,1,No,Lose,Win,1.0,8.0,0.0,0.0,0.0,0.0,91.0,90.0,88.0,92.7,92.0,87.5,91.0,89.0
2006,2006-07-04 00:00:00,Germany,Italy,0,2,No,Lose,Win,19.0,13.0,0.0,0.0,0.0,0.0,93.0,95.0,86.2,85.0,86.0,90.2,89.3,86.5
2006,2006-07-05 00:00:00,Portugal,France,0,1,No,Lose,Win,7.0,8.0,0.0,0.0,0.0,0.0,83.0,90.0,85.5,81.0,89.0,87.5,91.0,89.0
2006,2006-07-08 00:00:00,Germany,Portugal,3,1,No,Win,Lose,19.0,7.0,0.0,0.0,0.0,0.0,93.0,83.0,86.2,85.0,86.0,85.5,81.0,89.0
2006,2006-07-09 00:00:00,Italy,France,1,1,Yes,Win,Lose,13.0,8.0,0.0,0.0,0.0,0.0,95.0,90.0,90.2,89.3,86.5,87.5,91.0,89.0
2010,2010-06-11 00:00:00,South Africa,Mexico,1,1,No,Draw,Draw,83.0,17.0,0.0,0.0,0.0,0.0,71.0,79.0,72.2,72.0,75.2,76.5,77.7,76.8
2010,2010-06-11 00:00:00,Uruguay,France,0,0,No,Draw,Draw,16.0,9.0,0.0,0.0,0.0,0.0,76.0,86.0,78.0,83.0,77.5,84.0,83.3,84.5
2010,2010-06-16 00:00:00,South Africa,Uruguay,0,3,No,Lose,Win,83.0,16.0,0.0,0.0,0.0,0.0,71.0,76.0,72.2,72.0,75.2,78.0,83.0,77.5
2010,2010-06-17 00:00:00,France,Mexico,0,2,No,Lose,Win,9.0,17.0,0.0,0.0,0.0,0.0,86.0,79.0,84.0,83.3,84.5,76.5,77.7,76.8
2010,2010-06-22 00:00:00,Mexico,Uruguay,0,1,No,Lose,Win,17.0,16.0,0.0,0.0,0.0,0.0,79.0,76.0,76.5,77.7,76.8,78.0,83.0,77.5
2010,2010-06-22 00:00:00,France,South Africa,1,2,No,Lose,Win,9.0,83.0,0.0,0.0,0.0,0.0,86.0,71.0,84.0,83.3,84.5,72.2,72.0,75.2
2010,2010-06-12 00:00:00,Korea Republic,Greece,2,0,No,Win,Lose,47.0,13.0,0.0,0.0,0.0,0.0,73.0,79.0,71.2,71.3,73.8,76.0,78.0,78.5
2010,2010-06-12 00:00:00,Argentina,Nigeria,1,0,No,Win,Lose,7.0,21.0,0.0,0.0,0.0,0.0,78.0,,82.5,87.3,83.8,75.5,79.0,75.2
2010,2010-06-17 00:00:00,Argentina,Korea Republic,4,1,No,Win,Lose,7.0,47.0,0.0,0.0,0.0,0.0,78.0,73.0,82.5,87.3,83.8,71.2,71.3,73.8
2010,2010-06-17 00:00:00,Greece,Nigeria,2,1,No,Win,Lose,13.0,21.0,0.0,0.0,0.0,0.0,79.0,,76.0,78.0,78.5,75.5,79.0,75.2
2010,2010-06-22 00:00:00,Greece,Argentina,0,2,No,Lose,Win,13.0,7.0,0.0,0.0,0.0,0.0,79.0,78.0,76.0,78.0,78.5,82.5,87.3,83.8
2010,2010-06-22 00:00:00,Nigeria,Korea Republic,2,2,No,Draw,Draw,21.0,47.0,0.0,0.0,0.0,0.0,,73.0,75.5,79.0,75.2,71.2,71.3,73.8
2010,2010-06-12 00:00:00,England,USA,1,1,No,Draw,Draw,8.0,14.0,0.0,0.0,0.0,0.0,81.0,82.0,85.2,85.0,85.8,73.8,73.7,78.2
2010,2010-06-13 00:00:00,Algeria,Slovenia,0,1,No,Lose,Win,30.0,25.0,0.0,0.0,0.0,0.0,,78.0,72.5,73.7,75.5,70.2,72.7,71.8
2010,2010-06-18 00:00:00,Slovenia,USA,2,2,No,Draw,Draw,25.0,14.0,0.0,0.0,0.0,0.0,78.0,82.0,70.2,72.7,71.8,73.8,73.7,78.2
2010,2010-06-18 00:00:00,England,Algeria,0,0,No,Draw,Draw,8.0,30.0,0.0,0.0,0.0,0.0,81.0,,85.2,85.0,85.8,72.5,73.7,75.5
2010,2010-06-23 00:00:00,Slovenia,England,0,1,No,Lose,Win,25.0,8.0,0.0,0.0,0.0,0.0,78.0,81.0,70.2,72.7,71.8,85.2,85.0,85.8
2010,2010-06-23 00:00:00,USA,Algeria,1,0,No,Win,Lose,14.0,30.0,0.0,0.0,0.0,0.0,82.0,,73.8,73.7,78.2,72.5,73.7,75.5
2010,2010-06-13 00:00:00,Serbia,Ghana,0,1,No,Lose,Win,15.0,32.0,0.0,0.0,0.0,0.0,75.0,66.0,80.2,77.3,80.2,71.8,73.3,80.2
2010,2010-06-13 00:00:00,Germany,Australia,4,0,No,Win,Lose,6.0,20.0,0.0,0.0,0.0,0.0,85.0,79.0,82.8,82.7,82.2,73.8,76.0,75.0
2010,2010-06-18 00:00:00,Germany,Serbia,0,1,No,Lose,Win,6.0,15.0,0.0,0.0,0.0,0.0,85.0,75.0,82.8,82.7,82.2,80.2,77.3,80.2
2010,2010-06-19 00:00:00,Ghana,Australia,1,1,No,Draw,Draw,32.0,20.0,0.0,0.0,0.0,0.0,66.0,79.0,71.8,73.3,80.2,73.8,76.0,75.0
2010,2010-06-23 00:00:00,Ghana,Germany,0,1,No,Lose,Win,32.0,6.0,0.0,0.0,0.0,0.0,66.0,85.0,71.8,73.3,80.2,82.8,82.7,82.2
2010,2010-06-23 00:00:00,Australia,Serbia,2,1,No,Win,Lose,20.0,15.0,0.0,0.0,0.0,0.0,79.0,75.0,73.8,76.0,75.0,80.2,77.3,80.2
2010,2010-06-14 00:00:00,Netherlands,Denmark,2,0,No,Win,Lose,4.0,36.0,0.0,0.0,0.0,0.0,83.0,76.0,77.8,83.7,83.8,77.0,75.7,76.2
2010,2010-06-14 00:00:00,Japan,Cameroon,1,0,No,Win,Lose,45.0,19.0,0.0,0.0,0.0,0.0,,81.0,60.0,66.7,76.2,75.2,78.0,78.5
2010,2010-06-19 00:00:00,Netherlands,Japan,1,0,No,Win,Lose,4.0,45.0,0.0,0.0,0.0,0.0,83.0,,77.8,83.7,83.8,60.0,66.7,76.2
2010,2010-06-19 00:00:00,Cameroon,Denmark,1,2,No,Lose,Win,19.0,36.0,0.0,0.0,0.0,0.0,81.0,76.0,75.2,78.0,78.5,77.0,75.7,76.2
2010,2010-06-24 00:00:00,Denmark,Japan,1,3,No,Lose,Win,36.0,45.0,0.0,0.0,0.0,0.0,76.0,,77.0,75.7,76.2,60.0,66.7,76.2
2010,2010-06-24 00:00:00,Cameroon,Netherlands,1,2,No,Lose,Win,19.0,4.0,0.0,0.0,0.0,0.0,81.0,83.0,75.2,78.0,78.5,77.8,83.7,83.8
2010,2010-06-14 00:00:00,Italy,Paraguay,1,1,No,Draw,Draw,5.0,31.0,0.0,0.0,0.0,0.0,88.0,76.0,83.8,85.3,84.0,74.8,80.3,73.0
2010,2010-06-15 00:00:00,New Zealand,Slovakia,1,1,No,Draw,Draw,78.0,34.0,0.0,0.0,0.0,0.0,60.0,77.0,64.5,66.0,61.2,74.0,77.7,74.8
2010,2010-06-20 00:00:00,Slovakia,Paraguay,0,2,No,Lose,Win,34.0,31.0,0.0,0.0,0.0,0.0,77.0,76.0,74.0,77.7,74.8,74.8,80.3,73.0
2010,2010-06-20 00:00:00,Italy,New Zealand,1,1,No,Draw,Draw,5.0,78.0,0.0,0.0,0.0,0.0,88.0,60.0,83.8,85.3,84.0,64.5,66.0,61.2
2010,2010-06-24 00:00:00,Slovakia,Italy,3,2,No,Win,Lose,34.0,5.0,0.0,0.0,0.0,0.0,77.0,88.0,74.0,77.7,74.8,83.8,85.3,84.0
2010,2010-06-24 00:00:00,Paraguay,New Zealand,0,0,No,Draw,Draw,31.0,78.0,0.0,0.0,0.0,0.0,76.0,60.0,74.8,80.3,73.0,64.5,66.0,61.2
2010,2010-06-15 00:00:00,Côte d'Ivoire,Portugal,0,0,No,Draw,Draw,27.0,3.0,0.0,0.0,0.0,0.0,73.0,79.0,74.8,83.3,80.0,82.0,84.3,82.8
2010,2010-06-15 00:00:00,Brazil,Korea DPR,2,1,No,Win,Lose,1.0,105.0,0.0,0.0,0.0,0.0,89.0,,84.8,85.3,82.5,,,
2010,2010-06-20 00:00:00,Brazil,Côte d'Ivoire,3,1,No,Win,Lose,1.0,27.0,0.0,0.0,0.0,0.0,89.0,73.0,84.8,85.3,82.5,74.8,83.3,80.0
2010,2010-06-21 00:00:00,Portugal,Korea DPR,7,0,No,Win,Lose,3.0,105.0,0.0,0.0,0.0,0.0,79.0,,82.0,84.3,82.8,,,
2010,2010-06-25 00:00:00,Portugal,Brazil,0,0,No,Draw,Draw,3.0,1.0,0.0,0.0,0.0,0.0,79.0,89.0,82.0,84.3,82.8,84.8,85.3,82.5
2010,2010-06-25 00:00:00,Korea DPR,Côte d'Ivoire,0,3,No,Lose,Win,105.0,27.0,0.0,0.0,0.0,0.0,,73.0,,,,74.8,83.3,80.0
2010,2010-06-16 00:00:00,Honduras,Chile,0,1,No,Lose,Win,38.0,18.0,0.0,0.0,0.0,0.0,,75.0,,74.7,74.2,74.2,77.3,78.5
2010,2010-06-16 00:00:00,Spain,Switzerland,0,1,No,Lose,Win,2.0,24.0,0.0,0.0,0.0,0.0,90.0,80.0,85.0,85.3,87.0,76.5,76.0,77.0
2010,2010-06-21 00:00:00,Chile,Switzerland,1,0,No,Win,Lose,18.0,24.0,0.0,0.0,0.0,0.0,75.0,80.0,74.2,77.3,78.5,76.5,76.0,77.0
2010,2010-06-21 00:00:00,Spain,Honduras,2,0,No,Win,Lose,2.0,38.0,0.0,0.0,0.0,0.0,90.0,,85.0,85.3,87.0,,74.7,74.2
2010,2010-06-25 00:00:00,Chile,Spain,1,2,No,Lose,Win,18.0,2.0,0.0,0.0,0.0,0.0,75.0,90.0,74.2,77.3,78.5,85.0,85.3,87.0
2010,2010-06-25 00:00:00,Switzerland,Honduras,0,0,No,Draw,Draw,24.0,38.0,0.0,0.0,0.0,0.0,80.0,,76.5,76.0,77.0,,74.7,74.2
2010,2010-06-26 00:00:00,Uruguay,Korea Republic,2,1,No,Win,Lose,16.0,47.0,0.0,0.0,0.0,0.0,76.0,73.0,78.0,83.0,77.5,71.2,71.3,73.8
2010,2010-06-26 00:00:00,USA,Ghana,1,2,No,Lose,Win,14.0,32.0,0.0,0.0,0.0,0.0,82.0,66.0,73.8,73.7,78.2,71.8,73.3,80.2
2010,2010-06-27 00:00:00,Germany,England,4,1,No,Win,Lose,6.0,8.0,0.0,0.0,0.0,0.0,85.0,81.0,82.8,82.7,82.2,85.2,85.0,85.8
2010,2010-06-27 00:00:00,Argentina,Mexico,3,1,No,Win,Lose,7.0,17.0,0.0,0.0,0.0,0.0,78.0,79.0,82.5,87.3,83.8,76.5,77.7,76.8
2010,2010-06-28 00:00:00,Netherlands,Slovakia,2,1,No,Win,Lose,4.0,34.0,0.0,0.0,0.0,0.0,83.0,77.0,77.8,83.7,83.8,74.0,77.7,74.8
2010,2010-06-28 00:00:00,Brazil,Chile,3,0,No,Win,Lose,1.0,18.0,0.0,0.0,0.0,0.0,89.0,75.0,84.8,85.3,82.5,74.2,77.3,78.5
2010,2010-06-29 00:00:00,Paraguay,Japan,0,0,Yes,Win,Lose,31.0,45.0,0.0,0.0,0.0,0.0,76.0,,74.8,80.3,73.0,60.0,66.7,76.2
2010,2010-06-29 00:00:00,Spain,Portugal,1,0,No,Win,Lose,2.0,3.0,0.0,0.0,0.0,0.0,90.0,79.0,85.0,85.3,87.0,82.0,84.3,82.8
2010,2010-07-02 00:00:00,Netherlands,Brazil,2,1,No,Win,Lose,4.0,1.0,0.0,0.0,0.0,0.0,83.0,89.0,77.8,83.7,83.8,84.8,85.3,82.5
2010,2010-07-02 00:00:00,Uruguay,Ghana,1,1,Yes,Win,Lose,16.0,32.0,0.0,0.0,0.0,0.0,76.0,66.0,78.0,83.0,77.5,71.8,73.3,80.2
2010,2010-07-03 00:00:00,Argentina,Germany,0,4,No,Lose,Win,7.0,6.0,0.0,0.0,0.0,0.0,78.0,85.0,82.5,87.3,83.8,82.8,82.7,82.2
2010,2010-07-03 00:00:00,Paraguay,Spain,0,1,No,Lose,Win,31.0,2.0,0.0,0.0,0.0,0.0,76.0,90.0,74.8,80.3,73.0,85.0,85.3,87.0
2010,2010-07-06 00:00:00,Uruguay,Netherlands,2,3,No,Lose,Win,16.0,4.0,0.0,0.0,0.0,0.0,76.0,83.0,78.0,83.0,77.5,77.8,83.7,83.8
2010,2010-07-07 00:00:00,Germany,Spain,0,1,No,Lose,Win,6.0,2.0,0.0,0.0,0.0,0.0,85.0,90.0,82.8,82.7,82.2,85.0,85.3,87.0
2010,2010-07-10 00:00:00,Uruguay,Germany,2,3,No,Lose,Win,16.0,6.0,0.0,0.0,0.0,0.0,76.0,85.0,78.0,83.0,77.5,82.8,82.7,82.2
2010,2010-07-11 00:00:00,Netherlands,Spain,0,1,No,Lose,Win,4.0,2.0,0.0,0.0,0.0,0.0,83.0,90.0,77.8,83.7,83.8,85.0,85.3,87.0
2014,2014-06-12 00:00:00,Brazil,Croatia,3,1,No,Win,Lose,3.0,18.0,1242.0,903.0,132.11515151515152,150.34684684684686,82.0,75.0,84.8,84.0,83.2,77.8,79.7,80.0
2014,2014-06-13 00:00:00,Mexico,Cameroon,1,0,No,Win,Lose,20.0,56.0,881.0,558.0,95.96596858638743,91.56387665198238,78.0,72.0,74.8,81.3,74.8,77.5,77.0,77.5
2014,2014-06-17 00:00:00,Brazil,Mexico,0,0,No,Draw,Draw,3.0,20.0,1242.0,881.0,135.46827794561935,98.01566579634465,82.0,78.0,84.8,84.0,83.2,74.8,81.3,74.8
2014,2014-06-18 00:00:00,Cameroon,Croatia,0,4,No,Lose,Win,56.0,18.0,558.0,903.0,93.60964912280701,153.7219730941704,72.0,75.0,77.5,77.0,77.5,77.8,79.7,80.0
2014,2014-06-23 00:00:00,Cameroon,Brazil,1,4,No,Lose,Win,56.0,3.0,558.0,1242.0,95.63755458515284,138.8012048192771,72.0,82.0,77.5,77.0,77.5,84.8,84.0,83.2
2014,2014-06-23 00:00:00,Croatia,Mexico,1,3,No,Lose,Win,18.0,20.0,903.0,881.0,157.06696428571428,100.0546875,75.0,78.0,77.8,79.7,80.0,74.8,81.3,74.8
2014,2014-06-13 00:00:00,Spain,Netherlands,1,5,No,Lose,Win,1.0,15.0,1484.0,981.0,254.54509803921567,170.58943089430895,86.0,80.0,83.5,85.7,87.0,76.5,87.0,81.5
2014,2014-06-13 00:00:00,Chile,Australia,3,1,No,Win,Lose,14.0,62.0,1026.0,525.0,123.546875,108.33777777777777,81.0,77.0,73.2,78.7,80.0,69.0,72.0,71.8
2014,2014-06-18 00:00:00,Australia,Netherlands,2,3,No,Lose,Win,62.0,15.0,525.0,981.0,110.18141592920354,173.87044534412956,77.0,80.0,69.0,72.0,71.8,76.5,87.0,81.5
2014,2014-06-18 00:00:00,Spain,Chile,0,2,No,Lose,Win,1.0,14.0,1484.0,1026.0,259.34765625,127.05836575875486,86.0,81.0,83.5,85.7,87.0,73.2,78.7,80.0
2014,2014-06-23 00:00:00,Australia,Spain,0,3,No,Lose,Win,62.0,1.0,525.0,1484.0,112.00881057268722,264.11284046692606,77.0,86.0,69.0,72.0,71.8,83.5,85.7,87.0
2014,2014-06-23 00:00:00,Netherlands,Chile,2,0,No,Win,Lose,15.0,14.0,981.0,1026.0,177.125,130.54263565891472,80.0,81.0,76.5,87.0,81.5,73.2,78.7,80.0
2014,2014-06-14 00:00:00,Colombia,Greece,3,0,No,Win,Lose,8.0,12.0,1137.0,1063.0,103.03731343283582,145.06550218340612,76.0,74.0,75.8,83.0,80.8,76.8,76.0,75.0
2014,2014-06-14 00:00:00,Côte d'Ivoire,Japan,2,1,No,Win,Lose,23.0,46.0,809.0,626.0,150.06034482758622,99.15189873417721,71.0,74.0,75.0,82.7,78.5,72.2,72.7,78.2
2014,2014-06-19 00:00:00,Colombia,Côte d'Ivoire,2,1,No,Win,Lose,8.0,23.0,1137.0,809.0,106.88104089219331,152.88841201716738,76.0,71.0,75.8,83.0,80.8,75.0,82.7,78.5
2014,2014-06-19 00:00:00,Japan,Greece,0,0,No,Draw,Draw,46.0,12.0,626.0,1063.0,100.81388012618297,149.05652173913043,74.0,74.0,72.2,72.7,78.2,76.8,76.0,75.0
2014,2014-06-24 00:00:00,Japan,Colombia,1,4,No,Lose,Win,46.0,8.0,626.0,1137.0,102.46540880503144,110.6962962962963,74.0,76.0,72.2,72.7,78.2,75.8,83.0,80.8
2014,2014-06-24 00:00:00,Greece,Côte d'Ivoire,2,1,No,Win,Lose,12.0,23.0,1063.0,809.0,153.01298701298703,155.69230769230768,74.0,71.0,76.8,76.0,75.0,75.0,82.7,78.5
2014,2014-06-14 00:00:00,Uruguay,Costa Rica,1,3,No,Lose,Win,7.0,28.0,1147.0,762.0,154.58264462809916,90.65656565656566,82.0,78.0,78.5,84.7,78.2,70.8,72.3,72.8
2014,2014-06-14 00:00:00,England,Italy,1,2,No,Lose,Win,10.0,9.0,1090.0,1103.0,164.74458874458875,181.10358565737053,82.0,84.0,82.0,83.7,81.2,81.8,82.7,84.0
2014,2014-06-19 00:00:00,Uruguay,England,2,1,No,Win,Lose,7.0,10.0,1147.0,1090.0,158.66666666666666,168.73275862068965,82.0,82.0,78.5,84.7,78.2,82.0,83.7,81.2
2014,2014-06-20 00:00:00,Italy,Costa Rica,0,1,No,Lose,Win,9.0,28.0,1103.0,762.0,184.76190476190476,92.90939597315436,84.0,78.0,81.8,82.7,84.0,70.8,72.3,72.8
2014,2014-06-24 00:00:00,Italy,Uruguay,0,1,No,Lose,Win,9.0,7.0,1103.0,1147.0,188.3913043478261,162.7172131147541,84.0,82.0,81.8,82.7,84.0,78.5,84.7,78.2
2014,2014-06-24 00:00:00,Costa Rica,England,0,0,No,Draw,Draw,28.0,10.0,762.0,1090.0,95.14715719063545,172.68669527896995,78.0,82.0,70.8,72.3,72.8,82.0,83.7,81.2
2014,2014-06-15 00:00:00,Switzerland,Ecuador,2,1,No,Win,Lose,6.0,26.0,1148.0,791.0,122.63414634146342,100.21343873517786,80.0,70.0,77.0,76.3,78.8,68.0,74.0,76.8
2014,2014-06-15 00:00:00,France,Honduras,3,0,No,Win,Lose,17.0,33.0,913.0,731.0,127.12977099236642,86.08487084870849,84.0,,81.0,82.3,85.0,70.8,,71.5
2014,2014-06-20 00:00:00,Switzerland,France,2,5,No,Lose,Win,6.0,17.0,1148.0,913.0,127.6116504854369,130.11787072243345,80.0,84.0,77.0,76.3,78.8,81.0,82.3,85.0
2014,2014-06-20 00:00:00,Honduras,Ecuador,1,2,No,Lose,Win,33.0,26.0,731.0,791.0,88.45588235294117,102.93307086614173,,70.0,70.8,,71.5,68.0,74.0,76.8
2014,2014-06-25 00:00:00,Honduras,Switzerland,0,3,No,Lose,Win,33.0,6.0,731.0,1148.0,90.80952380952381,132.54106280193236,,80.0,70.8,,71.5,77.0,76.3,78.8
2014,2014-06-25 00:00:00,Ecuador,France,0,0,No,Draw,Draw,26.0,17.0,791.0,913.0,105.6313725490196,133.08333333333334,70.0,84.0,68.0,74.0,76.8,81.0,82.3,85.0
2014,2014-06-15 00:00:00,Argentina,Bosnia and Herzegovina,2,1,No,Win,Lose,5.0,21.0,1174.0,872.0,149.9436090225564,142.4240506329114,79.0,82.0,81.2,89.3,83.2,75.8,79.3,75.2
2014,2014-06-15,Iran,Nigeria,0,0,No,Draw,Draw,,,,,,,,,,,,,,
2014,2014-06-15,Argentina,Iran,1,0,No,Win,Lose,,,,,,,,,,,,,,
2014,2014-06-21 00:00:00,Nigeria,Bosnia and Herzegovina,1,0,No,Win,Lose,44.0,21.0,639.0,872.0,138.39583333333334,147.01257861635222,79.0,82.0,70.8,74.7,76.2,75.8,79.3,75.2
2014,2014-06-25 00:00:00,Nigeria,Argentina,2,3,No,Lose,Win,44.0,5.0,639.0,1174.0,140.47302904564316,157.58582089552237,79.0,79.0,70.8,74.7,76.2,81.2,89.3,83.2
2014,2014-06-15,Bosnia and Herzegovina,Iran,3,1,No,Win,Lose,,,,,,,,,,,,,,
2014,2014-06-16 00:00:00,Germany,Portugal,4,0,No,Win,Lose,2.0,4.0,1299.0,1189.0,169.7972027972028,169.34913793103448,87.0,81.0,84.5,84.7,86.0,80.5,84.7,81.5
2014,2014-06-16 00:00:00,Ghana,USA,1,2,No,Lose,Win,37.0,13.0,704.0,1034.0,142.69847328244273,110.0028901734104,71.0,81.0,70.5,72.7,78.5,73.0,76.0,77.0
2014,2014-06-21 00:00:00,Germany,Ghana,2,2,No,Draw,Draw,2.0,37.0,1299.0,704.0,173.73170731707316,144.83269961977186,87.0,71.0,84.5,84.7,86.0,70.5,72.7,78.5
2014,2014-06-22 00:00:00,USA,Portugal,2,2,No,Draw,Draw,13.0,4.0,1034.0,1189.0,112.6657060518732,173.72532188841203,81.0,81.0,73.0,76.0,77.0,80.5,84.7,81.5
2014,2014-06-26 00:00:00,USA,Germany,0,1,No,Lose,Win,13.0,2.0,1034.0,1299.0,115.3132183908046,177.63888888888889,81.0,87.0,73.0,76.0,77.0,84.5,84.7,86.0
2014,2014-06-26 00:00:00,Portugal,Ghana,2,1,No,Win,Lose,4.0,37.0,1189.0,704.0,178.06410256410257,146.95075757575756,81.0,71.0,80.5,84.7,81.5,70.5,72.7,78.5
2014,2014-06-17 00:00:00,Belgium,Algeria,2,1,No,Win,Lose,11.0,22.0,1073.0,857.0,131.37055837563452,97.77386934673366,84.0,73.0,81.2,81.0,82.5,73.8,74.3,76.5
2014,2014-06-17 00:00:00,Russia,Korea Republic,1,1,No,Draw,Draw,19.0,57.0,893.0,546.0,149.73205741626793,73.18153846153847,84.0,73.0,77.8,75.3,79.5,70.5,73.7,75.0
2014,2014-06-22 00:00:00,Belgium,Russia,1,0,No,Win,Lose,11.0,19.0,1073.0,893.0,136.12626262626262,153.27142857142857,84.0,84.0,81.2,81.0,82.5,77.8,75.3,79.5
2014,2014-06-22 00:00:00,Korea Republic,Algeria,2,4,No,Lose,Win,57.0,22.0,546.0,857.0,74.6319018404908,101.57,73.0,73.0,70.5,73.7,75.0,73.8,74.3,76.5
2014,2014-06-26 00:00:00,Korea Republic,Belgium,0,1,No,Lose,Win,57.0,11.0,546.0,1073.0,76.07339449541284,140.83417085427135,73.0,84.0,70.5,73.7,75.0,81.2,81.0,82.5
2014,2014-06-26 00:00:00,Algeria,Russia,1,1,No,Draw,Draw,22.0,19.0,857.0,893.0,105.32835820895522,156.7772511848341,73.0,84.0,73.8,74.3,76.5,77.8,75.3,79.5
2014,2014-06-28 00:00:00,Brazil,Chile,1,1,Yes,Win,Lose,3.0,14.0,1242.0,1026.0,142.1141141141141,134.0,82.0,81.0,84.8,84.0,83.2,73.2,78.7,80.0
2014,2014-06-28 00:00:00,Colombia,Uruguay,2,0,No,Win,Lose,8.0,7.0,1137.0,1147.0,114.48339483394834,166.73469387755102,76.0,82.0,75.8,83.0,80.8,78.5,84.7,78.2
2014,2014-06-29 00:00:00,Netherlands,Mexico,2,1,No,Win,Lose,15.0,20.0,981.0,881.0,180.35341365461846,102.08311688311689,80.0,78.0,76.5,87.0,81.5,74.8,81.3,74.8
2014,2014-06-29 00:00:00,Costa Rica,Greece,1,1,Yes,Win,Lose,28.0,12.0,762.0,1063.0,97.37,156.93534482758622,78.0,74.0,70.8,72.3,72.8,76.8,76.0,75.0
2014,2014-06-30 00:00:00,France,Nigeria,2,0,No,Win,Lose,17.0,44.0,913.0,639.0,136.02641509433963,142.53305785123968,84.0,79.0,81.0,82.3,85.0,70.8,74.7,76.2
2014,2014-06-30 00:00:00,Germany,Algeria,2,1,No,Win,Lose,2.0,22.0,1299.0,857.0,181.5190311418685,109.04950495049505,87.0,73.0,84.5,84.7,86.0,73.8,74.3,76.5
2014,2014-07-01 00:00:00,Argentina,Switzerland,1,0,No,Win,Lose,5.0,6.0,1174.0,1148.0,161.364312267658,137.42307692307693,79.0,80.0,81.2,89.3,83.2,77.0,76.3,78.8
2014,2014-07-01 00:00:00,Belgium,USA,2,1,No,Win,Lose,11.0,13.0,1073.0,1034.0,145.495,117.94555873925502,84.0,81.0,81.2,81.0,82.5,73.0,76.0,77.0
2014,2014-07-04 00:00:00,France,Germany,0,1,No,Lose,Win,17.0,2.0,913.0,1299.0,138.94736842105263,185.37241379310345,84.0,87.0,81.0,82.3,85.0,84.5,84.7,86.0
2014,2014-07-04 00:00:00,Brazil,Colombia,2,1,No,Win,Lose,3.0,8.0,1242.0,1137.0,145.40718562874252,118.24264705882354,82.0,76.0,84.8,84.0,83.2,75.8,83.0,80.8
2014,2014-07-05 00:00:00,Argentina,Belgium,1,0,No,Win,Lose,5.0,11.0,1174.0,1073.0,165.11481481481482,150.10945273631842,79.0,84.0,81.2,89.3,83.2,81.2,81.0,82.5
2014,2014-07-05 00:00:00,Netherlands,Costa Rica,0,0,Yes,Win,Lose,15.0,28.0,981.0,762.0,183.556,99.578073089701,80.0,78.0,76.5,87.0,81.5,70.8,72.3,72.8
2014,2014-07-08 00:00:00,Brazil,Germany,1,7,No,Lose,Win,3.0,2.0,1242.0,1299.0,148.68059701492538,189.19931271477662,82.0,87.0,84.8,84.0,83.2,84.5,84.7,86.0
2014,2014-07-09 00:00:00,Netherlands,Argentina,0,0,Yes,Lose,Win,15.0,5.0,981.0,1174.0,186.73306772908367,168.83763837638375,80.0,79.0,76.5,87.0,81.5,81.2,89.3,83.2
2014,2014-07-12 00:00:00,Brazil,Netherlands,0,3,No,Lose,Win,3.0,15.0,1242.0,981.0,151.9345238095238,189.88492063492063,82.0,80.0,84.8,84.0,83.2,76.5,87.0,81.5
2014,2014-07-13 00:00:00,Germany,Argentina,1,0,No,Win,Lose,2.0,5.0,1299.0,1174.0,193.0,172.53308823529412,87.0,79.0,84.5,84.7,86.0,81.2,89.3,83.2
2018,2018-06-14 00:00:00,Russia,Saudi Arabia,5,0,No,Win,Lose,70.0,67.0,456.0,465.0,252.28740157480314,85.13947990543736,79.0,73.0,78.5,79.7,79.8,74.2,71.0,74.5
2018,2018-06-15 00:00:00,Egypt,Uruguay,0,1,No,Lose,Win,45.0,14.0,649.0,1018.0,157.93586005830903,303.05944055944053,73.0,82.0,71.5,74.3,74.8,82.5,85.3,78.0
2018,2018-06-19 00:00:00,Russia,Egypt,3,1,No,Win,Lose,70.0,45.0,456.0,649.0,253.08627450980393,159.36337209302326,79.0,73.0,78.5,79.7,79.8,71.5,74.3,74.8
2018,2018-06-20 00:00:00,Uruguay,Saudi Arabia,1,0,No,Win,Lose,14.0,67.0,1018.0,465.0,305.55052264808364,86.03537735849056,82.0,73.0,82.5,85.3,78.0,74.2,71.0,74.5
2018,2018-06-25 00:00:00,Uruguay,Russia,3,0,No,Win,Lose,14.0,70.0,1018.0,456.0,308.02430555555554,253.87890625,82.0,79.0,82.5,85.3,78.0,78.5,79.7,79.8
2018,2018-06-25 00:00:00,Saudi Arabia,Egypt,2,1,No,Win,Lose,67.0,45.0,465.0,649.0,86.9270588235294,160.7826086956522,73.0,73.0,74.2,71.0,74.5,71.5,74.3,74.8
2018,2018-06-15,Morocco,Iran,0,1,No,Lose,Win,,,,,,,,,,,,,,
2018,2018-06-15 00:00:00,Portugal,Spain,3,3,No,Draw,Draw,4.0,10.0,1273.0,1125.0,372.13286713286715,404.3675496688742,83.0,90.0,82.0,85.0,83.2,86.8,84.7,87.0
2018,2018-06-20 00:00:00,Portugal,Morocco,1,0,No,Win,Lose,4.0,41.0,1273.0,685.0,375.2717770034843,172.45323741007195,83.0,71.0,82.0,85.0,83.2,76.5,75.3,80.2
2018,2018-06-15,Iran,Spain,0,1,No,Lose,Win,,,,,,,,,,,,,,
2018,2018-06-15,Iran,Portugal,1,1,No,Draw,Draw,,,,,,,,,,,,,,
2018,2018-06-25 00:00:00,Spain,Morocco,2,2,No,Draw,Draw,10.0,41.0,1125.0,685.0,409.10855263157896,174.29032258064515,90.0,71.0,86.8,84.7,87.0,76.5,75.3,80.2
2018,2018-06-16 00:00:00,France,Australia,2,1,No,Win,Lose,7.0,36.0,1198.0,718.0,291.623417721519,188.8029197080292,88.0,77.0,84.0,86.3,86.2,72.2,73.0,74.8
2018,2018-06-16 00:00:00,Peru,Denmark,0,1,No,Lose,Win,11.0,12.0,1125.0,1051.0,209.51538461538462,230.50387596899225,74.0,83.0,73.2,,75.8,79.5,77.3,81.0
2018,2018-06-21 00:00:00,Denmark,Australia,1,1,No,Draw,Draw,12.0,36.0,1051.0,718.0,233.67181467181467,190.72727272727272,83.0,77.0,79.5,77.3,81.0,72.2,73.0,74.8
2018,2018-06-21 00:00:00,France,Peru,1,0,No,Win,Lose,7.0,11.0,1198.0,1125.0,294.4826498422713,213.02298850574712,88.0,74.0,84.0,86.3,86.2,73.2,,75.8
2018,2018-06-26 00:00:00,Denmark,France,0,0,No,Draw,Draw,12.0,7.0,1051.0,1198.0,236.8153846153846,297.32389937106916,83.0,88.0,79.5,77.3,81.0,84.0,86.3,86.2
2018,2018-06-26 00:00:00,Australia,Peru,0,2,No,Lose,Win,36.0,11.0,718.0,1125.0,192.63768115942028,216.50381679389312,77.0,74.0,72.2,73.0,74.8,73.2,,75.8
2018,2018-06-16 00:00:00,Argentina,Iceland,1,1,No,Draw,Draw,5.0,22.0,1241.0,908.0,356.3006329113924,223.2780082987552,83.0,67.0,83.0,90.7,83.5,70.8,74.0,75.8
2018,2018-06-16 00:00:00,Croatia,Nigeria,2,0,No,Win,Lose,20.0,48.0,945.0,617.0,289.4906367041198,224.38831615120276,85.0,81.0,80.8,79.3,85.8,74.2,75.3,75.5
2018,2018-06-21 00:00:00,Argentina,Croatia,0,3,No,Lose,Win,5.0,20.0,1241.0,945.0,359.09148264984225,291.9365671641791,83.0,85.0,83.0,90.7,83.5,80.8,79.3,85.8
2018,2018-06-22 00:00:00,Nigeria,Iceland,2,0,No,Win,Lose,48.0,22.0,617.0,908.0,225.73287671232876,226.10743801652893,81.0,67.0,74.2,75.3,75.5,70.8,74.0,75.8
2018,2018-06-26 00:00:00,Nigeria,Argentina,1,2,No,Lose,Win,48.0,5.0,617.0,1241.0,227.06825938566553,361.8647798742138,81.0,83.0,74.2,75.3,75.5,83.0,90.7,83.5
2018,2018-06-26 00:00:00,Iceland,Croatia,1,2,No,Lose,Win,22.0,20.0,908.0,945.0,228.91358024691357,294.36431226765797,67.0,85.0,70.8,74.0,75.8,80.8,79.3,85.8
2018,2018-06-17 00:00:00,Costa Rica,Serbia,0,1,No,Lose,Win,23.0,34.0,884.0,750.0,209.72779369627509,350.46564885496184,85.0,74.0,74.5,71.0,74.5,80.0,74.7,81.2
2018,2018-06-17 00:00:00,Brazil,Switzerland,1,1,No,Draw,Draw,2.0,6.0,1430.0,1198.0,294.9157894736842,293.75,83.0,84.0,86.8,87.0,83.8,79.0,75.0,79.8
2018,2018-06-22 00:00:00,Brazil,Costa Rica,2,0,No,Win,Lose,2.0,23.0,1430.0,884.0,297.8950131233596,211.65428571428572,83.0,85.0,86.8,87.0,83.8,74.5,71.0,74.5
2018,2018-06-22 00:00:00,Serbia,Switzerland,1,2,No,Lose,Win,34.0,6.0,750.0,1198.0,353.49242424242425,297.3815261044177,74.0,84.0,80.0,74.7,81.2,79.0,75.0,79.8
2018,2018-06-27 00:00:00,Serbia,Brazil,0,2,No,Lose,Win,34.0,2.0,750.0,1430.0,356.4736842105263,300.8586387434555,74.0,83.0,80.0,74.7,81.2,86.8,87.0,83.8
2018,2018-06-27 00:00:00,Switzerland,Costa Rica,2,2,No,Draw,Draw,6.0,23.0,1198.0,884.0,300.984,213.56980056980058,84.0,85.0,79.0,75.0,79.8,74.5,71.0,74.5
2018,2018-06-17 00:00:00,Germany,Mexico,0,1,No,Lose,Win,1.0,15.0,1558.0,989.0,378.66568914956014,228.07538802660753,92.0,79.0,85.8,82.0,87.5,77.8,81.0,80.0
2018,2018-06-18 00:00:00,Sweden,Korea Republic,1,0,No,Win,Lose,24.0,57.0,879.0,543.0,215.77777777777777,152.4896373056995,75.0,74.0,78.5,82.0,78.8,73.5,74.0,77.5
2018,2018-06-23 00:00:00,Korea Republic,Mexico,1,2,No,Lose,Win,57.0,15.0,543.0,989.0,153.49870801033592,229.75884955752213,74.0,79.0,73.5,74.0,77.5,77.8,81.0,80.0
2018,2018-06-23 00:00:00,Germany,Sweden,2,1,No,Win,Lose,1.0,24.0,1558.0,879.0,382.1140350877193,217.81846153846155,92.0,75.0,85.8,82.0,87.5,78.5,82.0,78.8
2018,2018-06-27 00:00:00,Korea Republic,Germany,2,0,No,Win,Lose,57.0,1.0,543.0,1558.0,154.50257731958763,385.54227405247815,74.0,92.0,73.5,74.0,77.5,85.8,82.0,87.5
2018,2018-06-27 00:00:00,Mexico,Sweden,0,3,No,Lose,Win,15.0,24.0,989.0,879.0,231.43487858719647,219.84662576687117,79.0,75.0,77.8,81.0,80.0,78.5,82.0,78.8
2018,2018-06-18 00:00:00,Belgium,Panama,3,0,No,Win,Lose,3.0,55.0,1298.0,571.0,367.75102040816324,196.2593984962406,89.0,,83.5,87.3,85.8,68.0,66.0,67.8
2018,2018-06-18 00:00:00,Tunisia,England,1,2,No,Lose,Win,21.0,12.0,909.0,1050.0,187.96440129449837,317.7338129496403,63.0,82.0,74.0,71.7,73.5,82.8,83.3,82.8
2018,2018-06-23 00:00:00,Belgium,Tunisia,5,2,No,Win,Lose,3.0,21.0,1298.0,909.0,371.5325203252033,190.29032258064515,89.0,63.0,83.5,87.3,85.8,74.0,71.7,73.5
2018,2018-06-24 00:00:00,England,Panama,6,1,No,Win,Lose,12.0,55.0,1050.0,571.0,320.3584229390681,197.6629213483146,82.0,,82.8,83.3,82.8,68.0,66.0,67.8
2018,2018-06-28 00:00:00,England,Belgium,0,1,No,Lose,Win,12.0,3.0,1050.0,1298.0,322.9642857142857,375.2834008097166,82.0,89.0,82.8,83.3,82.8,83.5,87.3,85.8
2018,2018-06-28 00:00:00,Panama,Tunisia,1,2,No,Lose,Win,55.0,21.0,571.0,909.0,199.05597014925374,192.60128617363344,,63.0,68.0,66.0,67.8,74.0,71.7,73.5
2018,2018-06-19 00:00:00,Colombia,Japan,1,2,No,Lose,Win,16.0,61.0,985.0,520.0,275.5636942675159,173.2054054054054,79.0,72.0,78.8,82.0,80.5,75.2,76.7,78.8
2018,2018-06-19 00:00:00,Poland,Senegal,1,2,No,Lose,Win,8.0,27.0,1182.0,837.0,182.8523489932886,174.53985507246378,82.0,73.0,79.2,82.7,78.2,79.5,80.7,78.8
2018,2018-06-24 00:00:00,Japan,Senegal,2,2,No,Draw,Draw,61.0,27.0,520.0,837.0,174.14016172506737,176.93140794223828,72.0,73.0,75.2,76.7,78.8,79.5,80.7,78.8
2018,2018-06-24 00:00:00,Poland,Colombia,0,3,No,Lose,Win,8.0,16.0,1182.0,985.0,186.19397993311037,277.815873015873,82.0,79.0,79.2,82.7,78.2,78.8,82.0,80.5
2018,2018-06-28 00:00:00,Japan,Poland,0,1,No,Lose,Win,61.0,8.0,520.0,1182.0,175.06989247311827,189.51333333333332,72.0,82.0,75.2,76.7,78.8,79.2,82.7,78.2
2018,2018-06-28 00:00:00,Senegal,Colombia,0,1,No,Lose,Win,27.0,16.0,837.0,985.0,179.30575539568346,280.05379746835445,73.0,79.0,79.5,80.7,78.8,78.8,82.0,80.5
2018,2018-06-30 00:00:00,France,Argentina,4,3,No,Win,Lose,7.0,5.0,1198.0,1241.0,300.1473354231975,364.62068965517244,88.0,83.0,84.0,86.3,86.2,83.0,90.7,83.5
2018,2018-06-30 00:00:00,Uruguay,Portugal,2,1,No,Win,Lose,14.0,4.0,1018.0,1273.0,310.48096885813146,381.48442906574394,82.0,83.0,82.5,85.3,78.0,82.0,85.0,83.2
2018,2018-07-01 00:00:00,Spain,Russia,1,1,Yes,Lose,Win,6.0,49.0,2104.0,1758.0,411.455737704918,254.66536964980546,90.0,79.0,86.8,84.7,87.0,78.5,79.7,79.8
2018,2018-07-01 00:00:00,Croatia,Denmark,1,1,Yes,Win,Lose,12.0,15.0,2036.0,2014.0,296.77407407407406,239.93486590038313,85.0,83.0,80.8,79.3,85.8,79.5,77.3,81.0
2018,2018-07-02 00:00:00,Brazil,Mexico,2,0,No,Win,Lose,4.0,10.0,2160.0,2041.0,303.80678851174935,233.10352422907488,83.0,79.0,86.8,87.0,83.8,77.8,81.0,80.0
2018,2018-07-02 00:00:00,Belgium,Japan,3,2,No,Win,Lose,5.0,41.0,2124.0,1816.0,379.0040322580645,175.9946380697051,89.0,72.0,83.5,87.3,85.8,75.2,76.7,78.8
2018,2018-07-03 00:00:00,Sweden,Switzerland,1,0,No,Win,Lose,21.0,8.0,1955.0,2087.0,221.86238532110093,304.55776892430276,75.0,84.0,78.5,82.0,78.8,79.0,75.0,79.8
2018,2018-07-03 00:00:00,Colombia,England,1,1,Yes,Lose,Win,17.0,7.0,1998.0,2099.0,282.2776025236593,325.55160142348757,79.0,82.0,78.8,82.0,80.5,82.8,83.3,82.8
2018,2018-07-06 00:00:00,Uruguay,France,0,2,No,Lose,Win,14.0,2.0,2017.0,2164.0,312.9206896551724,302.953125,82.0,88.0,82.5,85.3,78.0,84.0,86.3,86.2
2018,2018-07-06 00:00:00,Brazil,Belgium,1,2,No,Lose,Win,4.0,5.0,2160.0,2124.0,308.640625,386.0120481927711,83.0,89.0,86.8,87.0,83.8,83.5,87.3,85.8
2018,2018-07-07 00:00:00,Sweden,England,0,2,No,Lose,Win,21.0,7.0,1955.0,2099.0,227.14634146341464,331.8404255319149,75.0,82.0,78.5,82.0,78.8,82.8,83.3,82.8
2018,2018-07-07 00:00:00,Russia,Croatia,2,2,Yes,Lose,Win,49.0,12.0,1758.0,2036.0,260.4922480620155,303.1918819188192,79.0,85.0,78.5,79.7,79.8,80.8,79.3,85.8
2018,2018-07-10 00:00:00,France,Belgium,1,0,No,Win,Lose,2.0,5.0,2164.0,2124.0,308.7507788161994,392.964,88.0,89.0,84.0,86.3,86.2,83.5,87.3,85.8
2018,2018-07-11 00:00:00,Croatia,England,2,1,No,Win,Lose,12.0,7.0,2036.0,2099.0,309.5625,338.08480565371025,85.0,82.0,80.8,79.3,85.8,82.8,83.3,82.8
2018,2018-06-28 00:00:00,Belgium,England,1,0,No,Win,Lose,3.0,12.0,1298.0,1050.0,375.2834008097166,322.9642857142857,89.0,82.0,83.5,87.3,85.8,82.8,83.3,82.8
2018,2018-07-15 00:00:00,France,Croatia,4,2,No,Win,Lose,2.0,12.0,2164.0,2036.0,314.5124223602484,315.8864468864469,88.0,85.0,84.0,86.3,86.2,80.8,79.3,85.8
2022,2022-06-15,Qatar,Ecuador,0,2,No,Lose,Win,,,,,,,,,,,,,,
2022,2022-06-15,Senegal,Netherlands,0,2,No,Lose,Win,,,,,,,,,,,,,,
2022,2022-06-15,Qatar,Senegal,1,3,No,Lose,Win,,,,,,,,,,,,,,
2022,2022-06-15,Netherlands,Ecuador,1,1,No,Draw,Draw,,,,,,,,,,,,,,
2022,2022-06-15,Ecuador,Senegal,1,2,No,Lose,Win,,,,,,,,,,,,,,
2022,2022-06-15,Netherlands,Qatar,2,0,No,Win,Lose,,,,,,,,,,,,,,
2022,2022-06-15,England,Iran,6,2,No,Win,Lose,,,,,,,,,,,,,,
2022,2022-06-15,USA,Wales,1,1,No,Draw,Draw,,,,,,,,,,,,,,
2022,2022-06-15,Wales,Iran,0,2,No,Lose,Win,,,,,,,,,,,,,,
2022,2022-06-15,England,USA,0,0,No,Draw,Draw,,,,,,,,,,,,,,
2022,2022-06-15,Wales,England,0,3,No,Lose,Win,,,,,,,,,,,,,,
2022,2022-06-15,Iran,USA,0,1,No,Lose,Win,,,,,,,,,,,,,,
2022,2022-06-15,Argentina,Saudi Arabia,1,2,No,Lose,Win,,,,,,,,,,,,,,
2022,2022-06-15,Mexico,Poland,0,0,No,Draw,Draw,,,,,,,,,,,,,,
2022,2022-06-15,Poland,Saudi Arabia,2,0,No,Win,Lose,,,,,,,,,,,,,,
2022,2022-06-15,Argentina,Mexico,2,0,No,Win,Lose,,,,,,,,,,,,,,
2022,2022-06-15,Poland,Argentina,0,2,No,Lose,Win,,,,,,,,,,,,,,
2022,2022-06-15,Saudi Arabia,Mexico,1,2,No,Lose,Win,,,,,,,,,,,,,,
2022,2022-06-15,Denmark,Tunisia,0,0,No,Draw,Draw,,,,,,,,,,,,,,
2022,2022-06-15,France,Australia,4,1,No,Win,Lose,,,,,,,,,,,,,,
2022,2022-06-15,Tunisia,Australia,0,1,No,Lose,Win,,,,,,,,,,,,,,
2022,2022-06-15,France,Denmark,2,1,No,Win,Lose,,,,,,,,,,,,,,
2022,2022-06-15,Australia,Denmark,1,0,No,Win,Lose,,,,,,,,,,,,,,
2022,2022-06-15,Tunisia,France,1,0,No,Win,Lose,,,,,,,,,,,,,,
2022,2022-06-15,Germany,Japan,1,2,No,Lose,Win,,,,,,,,,,,,,,
2022,2022-06-15,Spain,Costa Rica,7,0,No,Win,Lose,,,,,,,,,,,,,,
2022,2022-06-15,Japan,Costa Rica,0,1,No,Lose,Win,,,,,,,,,,,,,,
2022,2022-06-15,Spain,Germany,1,1,No,Draw,Draw,,,,,,,,,,,,,,
2022,2022-06-15,Japan,Spain,2,1,No,Win,Lose,,,,,,,,,,,,,,
2022,2022-06-15,Costa Rica,Germany,2,4,No,Lose,Win,,,,,,,,,,,,,,
2022,2022-06-15,Morocco,Croatia,0,0,No,Draw,Draw,,,,,,,,,,,,,,
2022,2022-06-15,Belgium,Canada,1,0,No,Win,Lose,,,,,,,,,,,,,,
2022,2022-06-15,Belgium,Morocco,0,2,No,Lose,Win,,,,,,,,,,,,,,
2022,2022-06-15,Croatia,Canada,4,1,No,Win,Lose,,,,,,,,,,,,,,
2022,2022-06-15,Croatia,Belgium,0,0,No,Draw,Draw,,,,,,,,,,,,,,
2022,2022-06-15,Canada,Morocco,1,2,No,Lose,Win,,,,,,,,,,,,,,
2022,2022-06-15,Switzerland,Cameroon,1,0,No,Win,Lose,,,,,,,,,,,,,,
2022,2022-06-15,Brazil,Serbia,2,0,No,Win,Lose,,,,,,,,,,,,,,
2022,2022-06-15,Cameroon,Serbia,3,3,No,Draw,Draw,,,,,,,,,,,,,,
2022,2022-06-15,Brazil,Switzerland,1,0,No,Win,Lose,,,,,,,,,,,,,,
2022,2022-06-15,Serbia,Switzerland,2,3,No,Lose,Win,,,,,,,,,,,,,,
2022,2022-06-15,Cameroon,Brazil,1,0,No,Win,Lose,,,,,,,,,,,,,,
2022,2022-06-15,Uruguay,Korea Republic,0,0,No,Draw,Draw,,,,,,,,,,,,,,
2022,2022-06-15,Portugal,Ghana,3,2,No,Win,Lose,,,,,,,,,,,,,,
2022,2022-06-15,Korea Republic,Ghana,2,3,No,Lose,Win,,,,,,,,,,,,,,
2022,2022-06-15,Portugal,Uruguay,2,0,No,Win,Lose,,,,,,,,,,,,,,
2022,2022-06-15,Ghana,Uruguay,0,2,No,Lose,Win,,,,,,,,,,,,,,
2022,2022-06-15,Korea Republic,Portugal,2,1,No,Win,Lose,,,,,,,,,,,,,,
2022,2022-06-15,Netherlands,USA,3,1,No,Win,Lose,,,,,,,,,,,,,,
2022,2022-06-15,Argentina,Australia,2,1,No,Win,Lose,,,,,,,,,,,,,,
2022,2022-06-15,France,Poland,3,1,No,Win,Lose,,,,,,,,,,,,,,
2022,2022-06-15,England,Senegal,3,0,No,Win,Lose,,,,,,,,,,,,,,
2022,2022-06-15,Japan,Croatia,1,1,Yes,Lose,Win,,,,,,,,,,,,,,
2022,2022-06-15,Brazil,Korea Republic,4,1,No,Win,Lose,,,,,,,,,,,,,,
2022,2022-06-15,Morocco,Spain,0,0,Yes,Win,Lose,,,,,,,,,,,,,,
2022,2022-06-15,Portugal,Switzerland,6,1,No,Win,Lose,,,,,,,,,,,,,,
2022,2022-06-15,Croatia,Brazil,1,1,Yes,Win,Lose,,,,,,,,,,,,,,
2022,2022-06-15,Netherlands,Argentina,2,2,Yes,Lose,Win,,,,,,,,,,,,,,
2022,2022-06-15,Morocco,Portugal,1,0,No,Win,Lose,,,,,,,,,,,,,,
2022,2022-06-15,England,France,1,2,No,Lose,Win,,,,,,,,,,,,,,
2022,2022-06-15,Argentina,Croatia,3,0,No,Win,Lose,,,,,,,,,,,,,,
2022,2022-06-15,France,Morocco,2,0,No,Win,Lose,,,,,,,,,,,,,,
2022,2022-06-15,Croatia,Morocco,2,1,No,Win,Lose,,,,,,,,,,,,,,
2022,2022-06-15,Argentina,France,3,3,Yes,Win,Lose,,,,,,,,,,,,,,
