id,pais,Pts,PJ,PG,PE,PP,GF,GC,Dif,Grupo,agno
0,Argentina,6,3,3,0,0,10,4,6,Grupo 1,1930
1,Chile,4,3,2,0,1,5,3,2,Grupo 1,1930
2,Francia,2,3,1,0,2,4,3,1,Grupo 1,1930
3,México,0,3,0,0,3,4,13,–9,Grupo 1,1930
4,Yugoslavia,4,2,2,0,0,6,1,5,Grupo 2,1930
5,Brasil,2,2,1,0,1,5,2,3,Grupo 2,1930
6,Bolivia,0,2,0,0,2,0,8,–8,Grupo 2,1930
7,Uruguay,4,2,2,0,0,5,0,5,Grupo 3,1930
8,Rumania,2,2,1,0,1,3,5,–2,Grupo 3,1930
9,Perú,0,2,0,0,2,1,4,–3,Grupo 3,1930
10,Estados Unidos,4,2,2,0,0,6,0,6,Grupo 4,1930
11,Paraguay,2,2,1,0,1,1,3,–2,Grupo 4,1930
12,Bélgica,0,2,0,0,2,0,4,–4,Grupo 4,1930
13,Brasil,5,3,2,1,0,8,2,6,Grupo 1,1950
14,Yugoslavia,4,3,2,0,1,7,3,4,Grupo 1,1950
15,Suiza,3,3,1,1,1,4,6,–2,Grupo 1,1950
16,México,0,3,0,0,3,2,10,–8,Grupo 1,1950
17,España,6,3,3,0,0,6,1,5,Grupo 2,1950
18,Inglaterra,2,3,1,0,2,2,2,0,Grupo 2,1950
19,Chile,2,3,1,0,2,5,6,–1,Grupo 2,1950
20,Estados Unidos,2,3,1,0,2,4,8,–4,Grupo 2,1950
21,Suecia,3,2,1,1,0,5,4,1,Grupo 3,1950
22,Italia,2,2,1,0,1,4,3,1,Grupo 3,1950
23,Paraguay,1,2,0,1,1,2,4,–2,Grupo 3,1950
24,Uruguay,2,1,1,0,0,8,0,8,Grupo 4,1950
25,Bolivia,0,1,0,0,1,0,8,–8,Grupo 4,1950
26,Brasil,3,2,1,1,0,6,1,5,Grupo 1,1954
27,Yugoslavia,3,2,1,1,0,2,1,1,Grupo 1,1954
28,Francia,2,2,1,0,1,3,3,0,Grupo 1,1954
29,México,0,2,0,0,2,2,8,–6,Grupo 1,1954
30,Hungría,4,2,2,0,0,17,3,14,Grupo 2,1954
31,Alemania,2,2,1,0,1,7,9,–2,Grupo 2,1954
32,Turquía,2,2,1,0,1,8,4,4,Grupo 2,1954
33,Corea del Sur,0,2,0,0,2,0,16,–16,Grupo 2,1954
34,Uruguay,4,2,2,0,0,9,0,9,Grupo 3,1954
35,Austria,4,2,2,0,0,6,0,6,Grupo 3,1954
36,Checoslovaquia,0,2,0,0,2,0,7,–7,Grupo 3,1954
37,Escocia,0,2,0,0,2,0,8,–8,Grupo 3,1954
38,Inglaterra,3,2,1,1,0,6,4,2,Grupo 4,1954
39,Suiza,2,2,1,0,1,2,3,–1,Grupo 4,1954
40,Italia,2,2,1,0,1,5,3,2,Grupo 4,1954
41,Bélgica,1,2,0,1,1,5,8,–3,Grupo 4,1954
42,Alemania,4,3,1,2,0,7,5,2,Grupo 1,1958
43,Irlanda del Norte,3,3,1,1,1,4,5,–1,Grupo 1,1958
44,Checoslovaquia,3,3,1,1,1,8,4,4,Grupo 1,1958
45,Argentina,2,3,1,0,2,5,10,–5,Grupo 1,1958
46,Francia,4,3,2,0,1,11,7,4,Grupo 2,1958
47,Yugoslavia,4,3,1,2,0,7,6,1,Grupo 2,1958
48,Paraguay,3,3,1,1,1,9,12,–3,Grupo 2,1958
49,Escocia,1,3,0,1,2,4,6,–2,Grupo 2,1958
50,Suecia,5,3,2,1,0,5,1,4,Grupo 3,1958
51,Gales,3,3,0,3,0,2,2,0,Grupo 3,1958
52,Hungría,3,3,1,1,1,6,3,3,Grupo 3,1958
53,México,1,3,0,1,2,1,8,–7,Grupo 3,1958
54,Brasil,5,3,2,1,0,5,0,5,Grupo 4,1958
55,Rusia,3,3,1,1,1,4,4,0,Grupo 4,1958
56,Inglaterra,3,3,0,3,0,4,4,0,Grupo 4,1958
57,Austria,1,3,0,1,2,2,7,–5,Grupo 4,1958
58,Rusia,5,3,2,1,0,8,5,+3,Grupo 1,1962
59,Yugoslavia,4,3,2,0,1,8,3,+5,Grupo 1,1962
60,Uruguay,2,3,1,0,2,4,6,–2,Grupo 1,1962
61,Colombia,1,3,0,1,2,5,11,–6,Grupo 1,1962
62,Alemania,5,3,2,1,0,4,1,+3,Grupo 2,1962
63,Chile,4,3,2,0,1,5,3,+2,Grupo 2,1962
64,Italia,3,3,1,1,1,3,2,+1,Grupo 2,1962
65,Suiza,0,3,0,0,3,2,8,–6,Grupo 2,1962
66,Brasil,5,3,2,1,0,4,1,3,Grupo 3,1962
67,Checoslovaquia,3,3,1,1,1,2,3,–1,Grupo 3,1962
68,México,2,3,1,0,2,3,4,–1,Grupo 3,1962
69,España,2,3,1,0,2,2,3,–1,Grupo 3,1962
70,Hungría,5,3,2,1,0,8,2,+6,Grupo 4,1962
71,Inglaterra,3,3,1,1,1,4,3,+1,Grupo 4,1962
72,Argentina,3,3,1,1,1,2,3,–1,Grupo 4,1962
73,Bulgaria,1,3,0,1,2,1,7,–6,Grupo 4,1962
74,Inglaterra,5,3,2,1,0,4,0,+4,Grupo 1,1966
75,Uruguay,4,3,1,2,0,2,1,+1,Grupo 1,1966
76,México,2,3,0,2,1,1,3,–2,Grupo 1,1966
77,Francia,1,3,0,1,2,2,5,–3,Grupo 1,1966
78,Alemania,5,3,2,1,0,7,1,+6,Grupo 2,1966
79,Argentina,5,3,2,1,0,4,1,+3,Grupo 2,1966
80,España,2,3,1,0,2,4,5,–1,Grupo 2,1966
81,Suiza,0,3,0,0,3,1,9,–8,Grupo 2,1966
82,Portugal,6,3,3,0,0,9,2,+7,Grupo 3,1966
83,Hungría,4,3,2,0,1,7,5,+2,Grupo 3,1966
84,Brasil,2,3,1,0,2,4,6,–2,Grupo 3,1966
85,Bulgaria,0,3,0,0,3,1,8,–7,Grupo 3,1966
86,Rusia,6,3,3,0,0,6,1,+5,Grupo 4,1966
87,Corea del Norte,3,3,1,1,1,2,4,–2,Grupo 4,1966
88,Italia,2,3,1,0,2,2,2,0,Grupo 4,1966
89,Chile,1,3,0,1,2,2,5,–3,Grupo 4,1966
90,Rusia,5,3,2,1,0,6,1,5,Grupo 1,1970
91,México,5,3,2,1,0,5,0,5,Grupo 1,1970
92,Bélgica,2,3,1,0,2,4,5,-1,Grupo 1,1970
93,El Salvador,0,3,0,0,3,0,9,-9,Grupo 1,1970
94,Italia,4,3,1,2,0,1,0,1,Grupo 2,1970
95,Uruguay,3,3,1,1,1,2,1,1,Grupo 2,1970
96,Suecia,3,3,1,1,1,2,2,0,Grupo 2,1970
97,Israel,2,3,0,2,1,1,3,-2,Grupo 2,1970
98,Brasil,6,3,3,0,0,8,3,5,Grupo 3,1970
99,Inglaterra,4,3,2,0,1,2,1,1,Grupo 3,1970
100,Rumania,2,3,1,0,2,4,5,-1,Grupo 3,1970
101,Checoslovaquia,0,3,0,0,3,2,7,-5,Grupo 3,1970
102,Alemania,6,3,3,0,0,10,4,6,Grupo 4,1970
103,Perú,4,3,2,0,1,7,5,2,Grupo 4,1970
104,Bulgaria,1,3,0,1,2,5,9,-4,Grupo 4,1970
105,Marruecos,1,3,0,1,2,2,6,-4,Grupo 4,1970
106,Alemania Democrática,5,3,2,1,0,4,1,3,Grupo 1,1974
107,Alemania,4,3,2,0,1,4,1,3,Grupo 1,1974
108,Chile,2,3,0,2,1,1,2,–1,Grupo 1,1974
109,Australia,1,3,0,1,2,0,5,–5,Grupo 1,1974
110,Yugoslavia,4,3,1,2,0,10,1,9,Grupo 2,1974
111,Brasil,4,3,1,2,0,3,0,3,Grupo 2,1974
112,Escocia,4,3,1,2,0,3,1,2,Grupo 2,1974
113,República Democrática del Congo,0,3,0,0,3,0,14,–14,Grupo 2,1974
114,Países Bajos,5,3,2,1,0,6,1,5,Grupo 3,1974
115,Suecia,4,3,1,2,0,3,0,3,Grupo 3,1974
116,Bulgaria,2,3,0,2,1,2,5,–3,Grupo 3,1974
117,Uruguay,1,3,0,1,2,1,6,–5,Grupo 3,1974
118,Polonia,6,3,3,0,0,12,3,9,Grupo 4,1974
119,Argentina,3,3,1,1,1,7,5,2,Grupo 4,1974
120,Italia,3,3,1,1,1,5,4,1,Grupo 4,1974
121,Haití,0,3,0,0,3,2,14,–12,Grupo 4,1974
122,Países Bajos,6,3,3,0,0,8,0,8,Grupo A,1974
123,Brasil,4,3,2,0,1,3,3,0,Grupo A,1974
124,Alemania Democrática,1,3,0,1,2,1,4,-3,Grupo A,1974
125,Argentina,1,3,0,1,2,2,7,-5,Grupo A,1974
126,Alemania,6,3,3,0,0,7,2,5,Grupo B,1974
127,Polonia,4,3,2,0,1,3,2,1,Grupo B,1974
128,Suecia,2,3,1,0,2,4,6,-2,Grupo B,1974
129,Yugoslavia,0,3,0,0,3,2,6,-4,Grupo B,1974
130,Italia,6,3,3,0,0,6,2,4,Grupo 1,1978
131,Argentina,4,3,2,0,1,4,3,1,Grupo 1,1978
132,Francia,2,3,1,0,2,5,5,0,Grupo 1,1978
133,Hungría,0,3,0,0,3,3,8,–5,Grupo 1,1978
134,Polonia,5,3,2,1,0,4,1,3,Grupo 2,1978
135,Alemania,4,3,1,2,0,6,1,6,Grupo 2,1978
136,Túnez,3,3,1,1,1,3,2,1,Grupo 2,1978
137,México,0,3,0,0,3,2,12,–10,Grupo 2,1978
138,Austria,4,3,2,0,1,3,2,1,Grupo 3,1978
139,Brasil,4,3,1,2,0,2,1,1,Grupo 3,1978
140,España,3,3,1,1,1,2,2,0,Grupo 3,1978
141,Suecia,1,3,0,1,2,1,3,–2,Grupo 3,1978
142,Perú,5,3,2,1,0,7,2,5,Grupo 4,1978
143,Países Bajos,3,3,1,1,1,5,3,2,Grupo 4,1978
144,Escocia,3,3,1,1,1,5,6,–1,Grupo 4,1978
145,Irán,1,3,0,1,2,2,8,–6,Grupo 4,1978
146,Países Bajos,5,3,2,1,0,9,4,5,Grupo A,1978
147,Italia,3,3,1,1,1,2,2,0,Grupo A,1978
148,Alemania,2,3,0,2,1,4,5,–1,Grupo A,1978
149,Austria,2,3,1,0,2,4,8,–4,Grupo A,1978
150,Argentina,5,3,2,1,0,8,0,8,Grupo B,1978
151,Brasil,5,3,2,1,0,6,1,5,Grupo B,1978
152,Polonia,2,3,1,0,2,2,5,–3,Grupo B,1978
153,Perú,0,3,0,0,3,0,10,–10,Grupo B,1978
154,Polonia,4,3,1,2,0,5,1,4,Grupo 1,1982
155,Italia,3,3,0,3,0,2,2,0,Grupo 1,1982
156,Camerún,3,3,0,3,0,1,1,0,Grupo 1,1982
157,Perú,2,3,0,2,1,2,6,–4,Grupo 1,1982
158,Alemania,4,3,2,0,1,6,3,3,Grupo 2,1982
159,Austria,4,3,2,0,1,3,1,2,Grupo 2,1982
160,Argelia,4,3,2,0,1,5,5,0,Grupo 2,1982
161,Chile,0,3,0,0,3,3,8,–5,Grupo 2,1982
162,Bélgica,5,3,2,1,0,3,1,2,Grupo 3,1982
163,Argentina,4,3,2,0,1,6,2,4,Grupo 3,1982
164,Hungría,3,3,1,1,1,12,6,6,Grupo 3,1982
165,El Salvador,0,3,0,0,3,1,13,–12,Grupo 3,1982
166,Inglaterra,6,3,3,0,0,6,1,5,Grupo 4,1982
167,Francia,3,3,1,1,1,6,5,1,Grupo 4,1982
168,Checoslovaquia,2,3,0,2,1,2,4,–2,Grupo 4,1982
169,Kuwait,1,3,0,1,2,2,6,–4,Grupo 4,1982
170,Irlanda del Norte,4,3,1,2,0,2,1,1,Grupo 5,1982
171,España,3,3,1,1,1,3,3,0,Grupo 5,1982
172,Yugoslavia,3,3,1,1,1,2,2,0,Grupo 5,1982
173,Honduras,2,3,0,2,1,2,3,–1,Grupo 5,1982
174,Brasil,6,3,3,0,0,10,2,8,Grupo 6,1982
175,Rusia,3,3,1,1,1,6,4,2,Grupo 6,1982
176,Escocia,3,3,1,1,1,8,8,0,Grupo 6,1982
177,Nueva Zelanda,0,3,0,0,3,2,12,–10,Grupo 6,1982
178,Polonia,3,2,1,1,0,3,0,3,Grupo A,1982
179,Rusia,3,2,1,1,0,1,0,1,Grupo A,1982
180,Bélgica,0,2,0,0,2,0,4,–4,Grupo A,1982
181,Alemania,3,2,1,1,0,2,1,1,Grupo B,1982
182,Inglaterra,2,2,0,2,0,0,0,0,Grupo B,1982
183,España,1,2,0,1,1,1,2,–1,Grupo B,1982
184,Italia,4,2,2,0,0,5,3,2,Grupo C,1982
185,Brasil,2,2,1,0,1,5,4,1,Grupo C,1982
186,Argentina,0,2,0,0,2,2,5,–3,Grupo C,1982
187,Francia,4,2,2,0,0,5,1,4,Grupo D,1982
188,Austria,1,2,0,1,1,2,3,–1,Grupo D,1982
189,Irlanda del Norte,1,2,0,1,1,3,6,–3,Grupo D,1982
190,Argentina,5,3,2,1,0,6,2,4,Grupo A,1986
191,Italia,4,3,1,2,0,5,4,1,Grupo A,1986
192,Bulgaria,2,3,0,2,1,2,4,–2,Grupo A,1986
193,Corea del Sur,1,3,0,1,2,4,7,–3,Grupo A,1986
194,México,5,3,2,1,0,4,2,2,Grupo B,1986
195,Paraguay,4,3,1,2,0,4,3,1,Grupo B,1986
196,Bélgica,3,3,1,1,1,5,5,0,Grupo B,1986
197,Irak,0,3,0,0,3,1,4,–3,Grupo B,1986
198,Rusia,5,3,2,1,0,9,1,8,Grupo C,1986
199,Francia,5,3,2,1,0,5,1,4,Grupo C,1986
200,Hungría,2,3,1,0,2,2,9,–7,Grupo C,1986
201,Canadá,0,3,0,0,3,0,5,–5,Grupo C,1986
202,Brasil,6,3,3,0,0,5,0,5,Grupo D,1986
203,España,4,3,2,0,1,5,2,3,Grupo D,1986
204,Irlanda del Norte,1,3,0,1,2,2,6,–4,Grupo D,1986
205,Argelia,1,3,0,1,2,1,5,–4,Grupo D,1986
206,Dinamarca,6,3,3,0,0,9,1,8,Grupo E,1986
207,Alemania,3,3,1,1,1,3,4,–1,Grupo E,1986
208,Uruguay,2,3,0,2,1,2,7,–5,Grupo E,1986
209,Escocia,1,3,0,1,2,1,3,–2,Grupo E,1986
210,Marruecos,4,3,1,2,0,3,1,2,Grupo F,1986
211,Inglaterra,3,3,1,1,1,3,1,2,Grupo F,1986
212,Polonia,3,3,1,1,1,1,3,–2,Grupo F,1986
213,Portugal,2,3,1,0,2,2,4,–2,Grupo F,1986
214,Italia,6,3,3,0,0,4,0,4,Grupo A,1990
215,Checoslovaquia,4,3,2,0,1,6,3,3,Grupo A,1990
216,Austria,2,3,1,0,2,2,3,–1,Grupo A,1990
217,Estados Unidos,0,3,0,0,3,2,8,–6,Grupo A,1990
218,Camerún,4,3,2,0,1,3,5,–2,Grupo B,1990
219,Rumania,3,3,1,1,1,4,3,1,Grupo B,1990
220,Argentina,3,3,1,1,1,3,2,1,Grupo B,1990
221,Rusia,2,3,1,0,2,4,4,0,Grupo B,1990
222,Brasil,6,3,3,0,0,4,1,3,Grupo C,1990
223,Costa Rica,4,3,2,0,1,3,2,1,Grupo C,1990
224,Escocia,2,3,1,0,2,2,3,–1,Grupo C,1990
225,Suecia,0,3,0,0,3,3,6,–3,Grupo C,1990
226,Alemania,5,3,2,1,0,10,3,7,Grupo D,1990
227,Yugoslavia,4,3,2,0,1,6,5,1,Grupo D,1990
228,Colombia,3,3,1,1,1,3,2,1,Grupo D,1990
229,Emiratos Árabes Unidos,0,3,0,0,3,2,11,–9,Grupo D,1990
230,España,5,3,2,1,0,5,2,3,Grupo E,1990
231,Bélgica,4,3,2,0,1,6,3,3,Grupo E,1990
232,Uruguay,3,3,1,1,1,2,3,–1,Grupo E,1990
233,Corea del Sur,0,3,0,0,3,1,6,–5,Grupo E,1990
234,Inglaterra,4,3,1,2,0,2,1,1,Grupo F,1990
235,Irlanda,3,3,0,3,0,2,2,0,Grupo F,1990
236,Países Bajos,3,3,0,3,0,2,2,0,Grupo F,1990
237,Egipto,2,3,0,2,1,1,2,–1,Grupo F,1990
238,Rumania,6,3,2,0,1,5,5,0,Grupo A,1994
239,Suiza,4,3,1,1,1,5,4,1,Grupo A,1994
240,Estados Unidos,4,3,1,1,1,3,3,0,Grupo A,1994
241,Colombia,3,3,1,0,2,4,5,–1,Grupo A,1994
242,Brasil,7,3,2,1,0,6,1,5,Grupo B,1994
243,Suecia,5,3,1,2,0,6,4,2,Grupo B,1994
244,Rusia,3,3,1,0,2,7,6,1,Grupo B,1994
245,Camerún,1,3,0,1,2,3,11,–8,Grupo B,1994
246,Alemania,7,3,2,1,0,5,3,2,Grupo C,1994
247,España,5,3,1,2,0,6,4,2,Grupo C,1994
248,Corea del Sur,2,3,0,2,1,4,5,–1,Grupo C,1994
249,Bolivia,1,3,0,1,2,1,4,–3,Grupo C,1994
250,Nigeria,6,3,2,0,1,6,2,4,Grupo D,1994
251,Bulgaria,6,3,2,0,1,6,3,3,Grupo D,1994
252,Argentina,6,3,2,0,1,6,3,3,Grupo D,1994
253,Grecia,0,3,0,0,3,0,10,-10,Grupo D,1994
254,México,4,3,1,1,1,3,3,0,Grupo E,1994
255,Irlanda,4,3,1,1,1,2,2,0,Grupo E,1994
256,Italia,4,3,1,1,1,2,2,0,Grupo E,1994
257,Noruega,4,3,1,1,1,1,1,0,Grupo E,1994
258,Países Bajos,6,3,2,0,1,4,3,1,Grupo F,1994
259,Arabia Saudita,6,3,2,0,1,4,3,1,Grupo F,1994
260,Bélgica,6,3,2,0,1,2,1,1,Grupo F,1994
261,Marruecos,0,3,0,0,3,2,5,–3,Grupo F,1994
262,Brasil,6,3,2,0,1,6,3,3,Grupo A,1998
263,Noruega,5,3,1,2,0,5,4,1,Grupo A,1998
264,Marruecos,4,3,1,1,1,5,5,0,Grupo A,1998
265,Escocia,1,3,0,1,2,2,6,–4,Grupo A,1998
266,Italia,7,3,2,1,0,7,3,4,Grupo B,1998
267,Chile,3,3,0,3,0,4,4,0,Grupo B,1998
268,Austria,2,3,0,2,1,3,4,–1,Grupo B,1998
269,Camerún,2,3,0,2,1,2,5,–3,Grupo B,1998
270,Francia,9,3,3,0,0,9,1,8,Grupo C,1998
271,Dinamarca,4,3,1,1,1,3,3,0,Grupo C,1998
272,Sudáfrica,2,3,0,2,1,3,6,–3,Grupo C,1998
273,Arabia Saudita,1,3,0,1,2,2,7,–5,Grupo C,1998
274,Nigeria,6,3,2,0,1,5,5,0,Grupo D,1998
275,Paraguay,5,3,1,2,0,3,1,2,Grupo D,1998
276,España,4,3,1,1,1,8,4,4,Grupo D,1998
277,Bulgaria,1,3,0,1,2,1,7,–6,Grupo D,1998
278,Países Bajos,5,3,1,2,0,7,2,5,Grupo E,1998
279,México,5,3,1,2,0,7,5,2,Grupo E,1998
280,Bélgica,3,3,0,3,0,3,3,0,Grupo E,1998
281,Corea del Sur,1,3,0,1,2,2,9,–7,Grupo E,1998
282,Alemania,7,3,2,1,0,6,2,4,Grupo F,1998
283,Serbia,7,3,2,1,0,4,2,2,Grupo F,1998
284,Irán,3,3,1,0,2,2,4,–2,Grupo F,1998
285,Estados Unidos,0,3,0,0,3,1,5,–4,Grupo F,1998
286,Rumania,7,3,2,1,0,4,2,2,Grupo G,1998
287,Inglaterra,6,3,2,0,1,5,2,3,Grupo G,1998
288,Colombia,3,3,1,0,2,1,3,–2,Grupo G,1998
289,Túnez,1,3,0,1,2,1,4,–3,Grupo G,1998
290,Argentina,9,3,3,0,0,7,0,7,Grupo H,1998
291,Croacia,6,3,2,0,1,4,2,2,Grupo H,1998
292,Jamaica,3,3,1,0,2,3,9,–6,Grupo H,1998
293,Japón,0,3,0,0,3,1,4,–3,Grupo H,1998
294,Dinamarca,7,3,2,1,0,5,2,3,Grupo A,2002
295,Senegal,5,3,1,2,0,5,4,1,Grupo A,2002
296,Uruguay,2,3,0,2,1,4,5,−1,Grupo A,2002
297,Francia,1,3,0,1,2,0,3,−3,Grupo A,2002
298,España,9,3,3,0,0,9,4,5,Grupo B,2002
299,Paraguay,4,3,1,1,1,6,6,0,Grupo B,2002
300,Sudáfrica,4,3,1,1,1,5,5,0,Grupo B,2002
301,Eslovenia,0,3,0,0,3,2,7,−5,Grupo B,2002
302,Brasil,9,3,3,0,0,11,3,8,Grupo C,2002
303,Turquía,4,3,1,1,1,5,3,2,Grupo C,2002
304,Costa Rica,4,3,1,1,1,5,6,−1,Grupo C,2002
305,China,0,3,0,0,3,0,9,−9,Grupo C,2002
306,Corea del Sur,7,3,2,1,0,4,1,3,Grupo D,2002
307,Estados Unidos,4,3,1,1,1,5,6,−1,Grupo D,2002
308,Portugal,3,3,1,0,2,6,4,2,Grupo D,2002
309,Polonia,3,3,1,0,2,3,7,−4,Grupo D,2002
310,Alemania,7,3,2,1,0,11,1,10,Grupo E,2002
311,Republica de Irlanda,5,3,1,2,0,5,2,3,Grupo E,2002
312,Camerún,4,3,1,1,1,2,3,−1,Grupo E,2002
313,Arabia Saudita,0,3,0,0,3,0,12,−12,Grupo E,2002
314,Suecia,5,3,1,2,0,4,3,1,Grupo F,2002
315,Inglaterra,5,3,1,2,0,2,1,1,Grupo F,2002
316,Argentina,4,3,1,1,1,2,2,0,Grupo F,2002
317,Nigeria,1,3,0,1,2,1,3,−2,Grupo F,2002
318,México,7,3,2,1,0,4,2,2,Grupo G,2002
319,Italia,4,3,1,1,1,4,3,1,Grupo G,2002
320,Croacia,3,3,1,0,2,2,3,−1,Grupo G,2002
321,Ecuador,3,3,1,0,2,2,4,−2,Grupo G,2002
322,Japón,7,3,2,1,0,5,2,3,Grupo H,2002
323,Bélgica,5,3,1,2,0,6,5,1,Grupo H,2002
324,Rusia,3,3,1,0,2,4,4,0,Grupo H,2002
325,Túnez,1,3,0,1,2,1,5,−4,Grupo H,2002
326,Alemania,9,3,3,0,0,8,2,6,Grupo A,2006
327,Ecuador,6,3,2,0,1,5,3,2,Grupo A,2006
328,Polonia,3,3,1,0,2,2,4,–2,Grupo A,2006
329,Costa Rica,0,3,0,0,3,3,9,–6,Grupo A,2006
330,Inglaterra,7,3,2,1,0,5,2,3,Grupo B,2006
331,Suecia,5,3,1,2,0,3,2,1,Grupo B,2006
332,Paraguay,3,3,1,0,2,2,2,0,Grupo B,2006
333,Trinidad y Tobago,1,3,0,1,2,0,4,–4,Grupo B,2006
334,Argentina,7,3,2,1,0,8,1,7,Grupo C,2006
335,Países Bajos,7,3,2,1,0,3,1,2,Grupo C,2006
336,Costa de Marfil,3,3,1,0,2,5,6,–1,Grupo C,2006
337,Serbia,0,3,0,0,3,2,10,–8,Grupo C,2006
338,Portugal,9,3,3,0,0,5,1,4,Grupo D,2006
339,México,4,3,1,1,1,4,3,1,Grupo D,2006
340,Angola,2,3,0,2,1,1,2,–1,Grupo D,2006
341,Irán,1,3,0,1,2,2,6,–4,Grupo D,2006
342,Italia,7,3,2,1,0,5,1,4,Grupo E,2006
343,Ghana,6,3,2,0,1,4,3,1,Grupo E,2006
344,República Checa,3,3,1,0,2,3,4,–1,Grupo E,2006
345,Estados Unidos,1,3,0,1,2,2,6,–4,Grupo E,2006
346,Brasil,9,3,3,0,0,7,1,6,Grupo F,2006
347,Australia,4,3,1,1,1,5,5,0,Grupo F,2006
348,Croacia,2,3,0,2,1,2,3,–1,Grupo F,2006
349,Japón,1,3,0,1,2,2,7,–5,Grupo F,2006
350,Suiza,7,3,2,1,0,4,0,4,Grupo G,2006
351,Francia,5,3,1,2,0,3,1,2,Grupo G,2006
352,Corea del Sur,4,3,1,1,1,3,4,–1,Grupo G,2006
353,Togo,0,3,0,0,3,1,6,–5,Grupo G,2006
354,España,9,3,3,0,0,8,1,7,Grupo H,2006
355,Ucrania,6,3,2,0,1,5,4,1,Grupo H,2006
356,Túnez,1,3,0,1,2,3,6,–3,Grupo H,2006
357,Arabia Saudita,1,3,0,1,2,2,7,–5,Grupo H,2006
358,Uruguay,7,3,2,1,0,4,0,4,Grupo A,2010
359,México,4,3,1,1,1,3,2,1,Grupo A,2010
360,Sudáfrica,4,3,1,1,1,3,5,–2,Grupo A,2010
361,Francia,1,3,0,1,2,1,4,–3,Grupo A,2010
362,Argentina,9,3,3,0,0,7,1,6,Grupo B,2010
363,Corea del Sur,4,3,1,1,1,5,6,–1,Grupo B,2010
364,Grecia,3,3,1,0,2,2,5,–3,Grupo B,2010
365,Nigeria,1,3,0,1,2,3,5,–2,Grupo B,2010
366,Estados Unidos,5,3,1,2,0,4,3,1,Grupo C,2010
367,Inglaterra,5,3,1,2,0,2,1,1,Grupo C,2010
368,Eslovenia,4,3,1,1,1,3,3,0,Grupo C,2010
369,Argelia,1,3,0,1,2,0,2,–2,Grupo C,2010
370,Alemania,6,3,2,0,1,5,1,4,Grupo D,2010
371,Ghana,4,3,1,1,1,2,2,0,Grupo D,2010
372,Australia,4,3,1,1,1,3,6,–3,Grupo D,2010
373,Serbia,3,3,1,0,2,2,3,–1,Grupo D,2010
374,Países Bajos,9,3,3,0,0,5,1,4,Grupo E,2010
375,Japón,6,3,2,0,1,4,2,2,Grupo E,2010
376,Dinamarca,3,3,1,0,2,3,6,–3,Grupo E,2010
377,Camerún,0,3,0,0,3,2,5,–3,Grupo E,2010
378,Paraguay,5,3,1,2,0,3,1,2,Grupo F,2010
379,Eslovaquia,4,3,1,1,1,4,5,–1,Grupo F,2010
380,Nueva Zelanda,3,3,0,3,0,2,2,0,Grupo F,2010
381,Italia,2,3,0,2,1,4,5,–1,Grupo F,2010
382,Brasil,7,3,2,1,0,5,2,3,Grupo G,2010
383,Portugal,5,3,1,2,0,7,0,7,Grupo G,2010
384,Costa de Marfil,4,3,1,1,1,4,3,1,Grupo G,2010
385,Corea del Norte,0,3,0,0,3,1,12,–11,Grupo G,2010
386,España,6,3,2,0,1,4,2,2,Grupo H,2010
387,Chile,6,3,2,0,1,3,2,1,Grupo H,2010
388,Suiza,4,3,1,1,1,1,1,0,Grupo H,2010
389,Honduras,1,3,0,1,2,0,3,–3,Grupo H,2010
390,Brasil,7,3,2,1,0,7,2,5,Grupo A,2014
391,México,7,3,2,1,0,4,1,3,Grupo A,2014
392,Croacia,3,3,1,0,2,6,6,0,Grupo A,2014
393,Camerún,0,3,0,0,3,1,9,–8,Grupo A,2014
394,Países Bajos,9,3,3,0,0,10,3,7,Grupo B,2014
395,Chile,6,3,2,0,1,5,3,2,Grupo B,2014
396,España,3,3,1,0,2,4,7,–3,Grupo B,2014
397,Australia,0,3,0,0,3,3,9,–6,Grupo B,2014
398,Colombia,9,3,3,0,0,9,2,7,Grupo C,2014
399,Grecia,4,3,1,1,1,2,4,–2,Grupo C,2014
400,Costa de Marfil,3,3,1,0,2,4,5,–1,Grupo C,2014
401,Japón,1,3,0,1,2,2,6,–4,Grupo C,2014
402,Costa Rica,7,3,2,1,0,4,1,3,Grupo D,2014
403,Uruguay,6,3,2,0,1,4,4,0,Grupo D,2014
404,Italia,3,3,1,0,2,2,3,–1,Grupo D,2014
405,Inglaterra,1,3,0,1,2,2,4,–2,Grupo D,2014
406,Francia,7,3,2,1,0,8,2,6,Grupo E,2014
407,Suiza,6,3,2,0,1,7,6,1,Grupo E,2014
408,Ecuador,4,3,1,1,1,3,3,0,Grupo E,2014
409,Honduras,0,3,0,0,3,1,8,–7,Grupo E,2014
410,Argentina,9,3,3,0,0,6,3,3,Grupo F,2014
411,Nigeria,4,3,1,1,1,3,3,0,Grupo F,2014
412,Bosnia y Herzegovina,3,3,1,0,2,4,4,0,Grupo F,2014
413,Irán,1,3,0,1,2,1,4,–3,Grupo F,2014
414,Alemania,7,3,2,1,0,7,2,5,Grupo G,2014
415,Estados Unidos,4,3,1,1,1,4,4,0,Grupo G,2014
416,Portugal,4,3,1,1,1,4,7,–3,Grupo G,2014
417,Ghana,1,3,0,1,2,4,6,–2,Grupo G,2014
418,Bélgica,9,3,3,0,0,4,1,3,Grupo H,2014
419,Argelia,4,3,1,1,1,6,5,1,Grupo H,2014
420,Rusia,2,3,0,2,1,2,3,–1,Grupo H,2014
421,Corea del Sur,1,3,0,1,2,3,6,–3,Grupo H,2014
422,Uruguay,9,3,3,0,0,5,0,5,Grupo A,2018
423,Rusia,6,3,2,0,1,8,4,4,Grupo A,2018
424,Arabia Saudita,3,3,1,0,2,2,7,–5,Grupo A,2018
425,Egipto,0,3,0,0,3,2,6,–4,Grupo A,2018
426,España,5,3,1,2,0,6,5,1,Grupo B,2018
427,Portugal,5,3,1,2,0,5,4,1,Grupo B,2018
428,Irán,4,3,1,1,1,2,2,0,Grupo B,2018
429,Marruecos,1,3,0,1,2,2,4,–2,Grupo B,2018
430,Francia,7,3,2,1,0,3,1,2,Grupo C,2018
431,Dinamarca,5,3,1,2,0,2,1,1,Grupo C,2018
432,Perú,3,3,1,0,2,2,2,0,Grupo C,2018
433,Australia,1,3,0,1,2,2,5,–3,Grupo C,2018
434,Croacia,9,3,3,0,0,7,1,6,Grupo D,2018
435,Argentina,4,3,1,1,1,3,5,–2,Grupo D,2018
436,Nigeria,3,3,1,0,2,3,4,–1,Grupo D,2018
437,Islandia,1,3,0,1,2,2,5,–3,Grupo D,2018
438,Brasil,7,3,2,1,0,5,1,4,Grupo E,2018
439,Suiza,5,3,1,2,0,5,4,1,Grupo E,2018
440,Serbia,3,3,1,0,2,2,4,–2,Grupo E,2018
441,Costa Rica,1,3,0,1,2,2,5,–3,Grupo E,2018
442,Suecia,6,3,2,0,1,5,2,3,Grupo F,2018
443,México,6,3,2,0,1,3,4,–1,Grupo F,2018
444,Corea del Sur,3,3,1,0,2,3,3,0,Grupo F,2018
445,Alemania,3,3,1,0,2,2,4,–2,Grupo F,2018
446,Bélgica,9,3,3,0,0,9,2,7,Grupo G,2018
447,Inglaterra,6,3,2,0,1,8,3,5,Grupo G,2018
448,Túnez,3,3,1,0,2,5,8,–3,Grupo G,2018
449,Panamá,0,3,0,0,3,2,11,–9,Grupo G,2018
450,Colombia,6,3,2,0,1,5,2,3,Grupo H,2018
451,Japón,4,3,1,1,1,4,4,0,Grupo H,2018
452,Senegal,4,3,1,1,1,4,4,0,Grupo H,2018
453,Polonia,3,3,1,0,2,2,5,–3,Grupo H,2018
454,Países Bajos,7,3,2,1,0,5,1,4,Grupo A,2022
455,Senegal,6,3,2,0,1,5,4,1,Grupo A,2022
456,Ecuador,4,3,1,1,1,4,3,1,Grupo A,2022
457,Catar,0,3,0,0,3,1,7,–6,Grupo A,2022
458,Inglaterra,7,3,2,1,0,9,2,7,Grupo B,2022
459,Estados Unidos,5,3,1,2,0,2,1,1,Grupo B,2022
460,Irán,3,3,1,0,2,4,7,–3,Grupo B,2022
461,Gales,1,3,0,1,2,1,6,–5,Grupo B,2022
462,Argentina,6,3,2,0,1,5,2,3,Grupo C,2022
463,Polonia,4,3,1,1,1,2,2,0,Grupo C,2022
464,México,4,3,1,1,1,2,3,–1,Grupo C,2022
465,Arabia Saudita,3,3,1,0,2,3,5,–2,Grupo C,2022
466,Francia,6,3,2,0,1,6,3,3,Grupo D,2022
467,Australia,6,3,2,0,1,3,4,–1,Grupo D,2022
468,Túnez,4,3,1,1,1,1,1,0,Grupo D,2022
469,Dinamarca,1,3,0,1,2,1,3,–2,Grupo D,2022
470,Japón,6,3,2,0,1,4,3,1,Grupo E,2022
471,España,4,3,1,1,1,9,3,6,Grupo E,2022
472,Alemania,4,3,1,1,1,6,5,1,Grupo E,2022
473,Costa Rica,3,3,1,0,2,3,11,–8,Grupo E,2022
474,Marruecos,7,3,2,1,0,4,1,3,Grupo F,2022
475,Croacia,5,3,1,2,0,4,1,3,Grupo F,2022
476,Bélgica,4,3,1,1,1,1,2,–1,Grupo F,2022
477,Canadá,0,3,0,0,3,2,7,–5,Grupo F,2022
478,Brasil,6,3,2,0,1,3,1,2,Grupo G,2022
479,Suiza,6,3,2,0,1,4,3,1,Grupo G,2022
480,Camerún,4,3,1,1,1,4,4,0,Grupo G,2022
481,Serbia,1,3,0,1,2,5,8,–3,Grupo G,2022
482,Portugal,6,3,2,0,1,6,4,2,Grupo H,2022
483,Corea del Sur,4,3,1,1,1,4,4,0,Grupo H,2022
484,Uruguay,4,3,1,1,1,2,2,0,Grupo H,2022
485,Ghana,3,3,1,0,2,5,7,–2,Grupo H,2022
