Unnamed: 0,Pts.,PJ,PG,PE,PP,GF,GC,Dif.,Grupo,year
Chile,4,3,2,0,1,5,3,2,Grupo 1,1930
Uruguay,4,2,2,0,0,5,0,5,Grupo 3,1930
Perú,0,2,0,0,2,1,4,–3,Grupo 3,1930
Francia,2,3,1,0,2,4,3,1,Grupo 1,1930
México,0,3,0,0,3,4,13,–9,Grupo 1,1930
Rumania,2,2,1,0,1,3,5,–2,Grupo 3,1930
Bélgica,0,2,0,0,2,0,4,–4,Grupo 4,1930
Argentina,6,3,3,0,0,10,4,6,Grupo 1,1930
Brasil,2,2,1,0,1,5,2,3,Grupo 2,1930
Paraguay,2,2,1,0,1,1,3,–2,Grupo 4,1930
Yugoslavia,4,2,2,0,0,6,1,5,Grupo 2,1930
Bolivia,0,2,0,0,2,0,8,–8,Grupo 2,1930
Estados Unidos,4,2,2,0,0,6,0,6,Grupo 4,1930
México,0,3,0,0,3,2,10,–8,Grupo 1,1950
Italia,2,2,1,0,1,4,3,1,Grupo 3,1950
Suecia,3,2,1,1,0,5,4,1,Grupo 3,1950
Paraguay,1,2,0,1,1,2,4,–2,Grupo 3,1950
Yugoslavia,4,3,2,0,1,7,3,4,Grupo 1,1950
Suiza,3,3,1,1,1,4,6,–2,Grupo 1,1950
Chile,2,3,1,0,2,5,6,–1,Grupo 2,1950
Uruguay,2,1,1,0,0,8,0,8,Grupo 4,1950
Estados Unidos,2,3,1,0,2,4,8,–4,Grupo 2,1950
España,6,3,3,0,0,6,1,5,Grupo 2,1950
Inglaterra,2,3,1,0,2,2,2,0,Grupo 2,1950
Bolivia,0,1,0,0,1,0,8,–8,Grupo 4,1950
Brasil,5,3,2,1,0,8,2,6,Grupo 1,1950
Brasil,3,2,1,1,0,6,1,5,Grupo 1,1954
Checoslovaquia,0,2,0,0,2,0,7,–7,Grupo 3,1954
Bélgica,1,2,0,1,1,5,8,–3,Grupo 4,1954
Inglaterra,3,2,1,1,0,6,4,2,Grupo 4,1954
Yugoslavia,3,2,1,1,0,2,1,1,Grupo 1,1954
Suiza,2,2,1,0,1,2,3,–1,Grupo 4,1954
Alemania Federal,2,2,1,0,1,7,9,–2,Grupo 2,1954
Corea del Sur,0,2,0,0,2,0,16,–16,Grupo 2,1954
Italia,2,2,1,0,1,5,3,2,Grupo 4,1954
Francia,2,2,1,0,1,3,3,0,Grupo 1,1954
Uruguay,4,2,2,0,0,9,0,9,Grupo 3,1954
Turquía,2,2,1,0,1,8,4,4,Grupo 2,1954
Escocia,0,2,0,0,2,0,8,–8,Grupo 3,1954
Hungría,4,2,2,0,0,17,3,14,Grupo 2,1954
Austria,4,2,2,0,0,6,0,6,Grupo 3,1954
México,0,2,0,0,2,2,8,–6,Grupo 1,1954
Irlanda del Norte,3,3,1,1,1,4,5,–1,Grupo 1,1958
Inglaterra,3,3,0,3,0,4,4,0,Grupo 4,1958
Gales,3,3,0,3,0,2,2,0,Grupo 3,1958
Suecia,5,3,2,1,0,5,1,4,Grupo 3,1958
Brasil,5,3,2,1,0,5,0,5,Grupo 4,1958
Unión Soviética,3,3,1,1,1,4,4,0,Grupo 4,1958
Austria,1,3,0,1,2,2,7,–5,Grupo 4,1958
México,1,3,0,1,2,1,8,–7,Grupo 3,1958
Escocia,1,3,0,1,2,4,6,–2,Grupo 2,1958
Checoslovaquia,3,3,1,1,1,8,4,4,Grupo 1,1958
Argentina,2,3,1,0,2,5,10,–5,Grupo 1,1958
Francia,4,3,2,0,1,11,7,4,Grupo 2,1958
Paraguay,3,3,1,1,1,9,12,–3,Grupo 2,1958
Alemania Federal,4,3,1,2,0,7,5,2,Grupo 1,1958
Yugoslavia,4,3,1,2,0,7,6,1,Grupo 2,1958
Hungría,3,3,1,1,1,6,3,3,Grupo 3,1958
Hungría,5,3,2,1,0,8,2,+6,Grupo 4,1962
Argentina,3,3,1,1,1,2,3,–1,Grupo 4,1962
Italia,3,3,1,1,1,3,2,+1,Grupo 2,1962
Inglaterra,3,3,1,1,1,4,3,+1,Grupo 4,1962
Unión Soviética,5,3,2,1,0,8,5,+3,Grupo 1,1962
Bulgaria,1,3,0,1,2,1,7,–6,Grupo 4,1962
Brasil,5,3,2,1,0,4,1,3,Grupo 3,1962
Chile,4,3,2,0,1,5,3,+2,Grupo 2,1962
Alemania Federal,5,3,2,1,0,4,1,+3,Grupo 2,1962
España,2,3,1,0,2,2,3,–1,Grupo 3,1962
Suiza,0,3,0,0,3,2,8,–6,Grupo 2,1962
Yugoslavia,4,3,2,0,1,8,3,+5,Grupo 1,1962
Uruguay,2,3,1,0,2,4,6,–2,Grupo 1,1962
Colombia,1,3,0,1,2,5,11,–6,Grupo 1,1962
Checoslovaquia,3,3,1,1,1,2,3,–1,Grupo 3,1962
México,2,3,1,0,2,3,4,–1,Grupo 3,1962
Corea del Norte,3,3,1,1,1,2,4,–2,Grupo 4,1966
Inglaterra,5,3,2,1,0,4,0,+4,Grupo 1,1966
Italia,2,3,1,0,2,2,2,0,Grupo 4,1966
Unión Soviética,6,3,3,0,0,6,1,+5,Grupo 4,1966
Hungría,4,3,2,0,1,7,5,+2,Grupo 3,1966
Brasil,2,3,1,0,2,4,6,–2,Grupo 3,1966
España,2,3,1,0,2,4,5,–1,Grupo 2,1966
Uruguay,4,3,1,2,0,2,1,+1,Grupo 1,1966
México,2,3,0,2,1,1,3,–2,Grupo 1,1966
Alemania Federal,5,3,2,1,0,7,1,+6,Grupo 2,1966
Chile,1,3,0,1,2,2,5,–3,Grupo 4,1966
Argentina,5,3,2,1,0,4,1,+3,Grupo 2,1966
Bulgaria,0,3,0,0,3,1,8,–7,Grupo 3,1966
Francia,1,3,0,1,2,2,5,–3,Grupo 1,1966
Portugal,6,3,3,0,0,9,2,+7,Grupo 3,1966
Suiza,0,3,0,0,3,1,9,–8,Grupo 2,1966
Italia,4,3,1,2,0,1,0,1,Grupo 2,1970
Alemania Federal,6,3,3,0,0,10,4,6,Grupo 4,1970
Bélgica,2,3,1,0,2,4,5,-1,Grupo 1,1970
El Salvador,0,3,0,0,3,0,9,-9,Grupo 1,1970
Marruecos,1,3,0,1,2,2,6,-4,Grupo 4,1970
Suecia,3,3,1,1,1,2,2,0,Grupo 2,1970
Uruguay,3,3,1,1,1,2,1,1,Grupo 2,1970
Bulgaria,1,3,0,1,2,5,9,-4,Grupo 4,1970
Israel,2,3,0,2,1,1,3,-2,Grupo 2,1970
Rumania,2,3,1,0,2,4,5,-1,Grupo 3,1970
Perú,4,3,2,0,1,7,5,2,Grupo 4,1970
Unión Soviética,5,3,2,1,0,6,1,5,Grupo 1,1970
México,5,3,2,1,0,5,0,5,Grupo 1,1970
Checoslovaquia,0,3,0,0,3,2,7,-5,Grupo 3,1970
Inglaterra,4,3,2,0,1,2,1,1,Grupo 3,1970
Brasil,6,3,3,0,0,8,3,5,Grupo 3,1970
Brasil,4,3,2,0,1,3,3,0,Grupo A,1974
Uruguay,1,3,0,1,2,1,6,–5,Grupo 3,1974
Italia,3,3,1,1,1,5,4,1,Grupo 4,1974
Alemania Democrática,5,3,2,1,0,4,1,3,Grupo 1,1974
Argentina,1,3,0,1,2,2,7,-5,Grupo A,1974
Suecia,2,3,1,0,2,4,6,-2,Grupo B,1974
Alemania Federal,6,3,3,0,0,7,2,5,Grupo B,1974
Zaire,0,3,0,0,3,0,14,–14,Grupo 2,1974
Escocia,4,3,1,2,0,3,1,2,Grupo 2,1974
Argentina,3,3,1,1,1,7,5,2,Grupo 4,1974
Brasil,4,3,1,2,0,3,0,3,Grupo 2,1974
Alemania Democrática,1,3,0,1,2,1,4,-3,Grupo A,1974
Polonia,6,3,3,0,0,12,3,9,Grupo 4,1974
Yugoslavia,0,3,0,0,3,2,6,-4,Grupo B,1974
Chile,2,3,0,2,1,1,2,–1,Grupo 1,1974
Bulgaria,2,3,0,2,1,2,5,–3,Grupo 3,1974
Países Bajos,5,3,2,1,0,6,1,5,Grupo 3,1974
Australia,1,3,0,1,2,0,5,–5,Grupo 1,1974
Alemania Federal,4,3,2,0,1,4,1,3,Grupo 1,1974
Suecia,4,3,1,2,0,3,0,3,Grupo 3,1974
Yugoslavia,4,3,1,2,0,10,1,9,Grupo 2,1974
Países Bajos,6,3,3,0,0,8,0,8,Grupo A,1974
Polonia,4,3,2,0,1,3,2,1,Grupo B,1974
Haití,0,3,0,0,3,2,14,–12,Grupo 4,1974
Perú,0,3,0,0,3,0,10,–10,Grupo B,1978
México,0,3,0,0,3,2,12,–10,Grupo 2,1978
Perú,5,3,2,1,0,7,2,5,Grupo 4,1978
Alemania Federal,4,3,1,2,0,6,1,6,Grupo 2,1978
España,3,3,1,1,1,2,2,0,Grupo 3,1978
Polonia,2,3,1,0,2,2,5,–3,Grupo B,1978
Alemania Federal,2,3,0,2,1,4,5,–1,Grupo A,1978
Hungría,0,3,0,0,3,3,8,–5,Grupo 1,1978
Francia,2,3,1,0,2,5,5,0,Grupo 1,1978
Argentina,4,3,2,0,1,4,3,1,Grupo 1,1978
Escocia,3,3,1,1,1,5,6,–1,Grupo 4,1978
Brasil,4,3,1,2,0,2,1,1,Grupo 3,1978
Países Bajos,5,3,2,1,0,9,4,5,Grupo A,1978
Suecia,1,3,0,1,2,1,3,–2,Grupo 3,1978
Irán,1,3,0,1,2,2,8,–6,Grupo 4,1978
Túnez,3,3,1,1,1,3,2,1,Grupo 2,1978
Italia,6,3,3,0,0,6,2,4,Grupo 1,1978
Italia,3,3,1,1,1,2,2,0,Grupo A,1978
Polonia,5,3,2,1,0,4,1,3,Grupo 2,1978
Argentina,5,3,2,1,0,8,0,8,Grupo B,1978
Brasil,5,3,2,1,0,6,1,5,Grupo B,1978
Austria,2,3,1,0,2,4,8,–4,Grupo A,1978
Austria,4,3,2,0,1,3,2,1,Grupo 3,1978
Países Bajos,3,3,1,1,1,5,3,2,Grupo 4,1978
España,1,2,0,1,1,1,2,–1,Grupo B,1982
Irlanda del Norte,1,2,0,1,1,3,6,–3,Grupo D,1982
Escocia,3,3,1,1,1,8,8,0,Grupo 6,1982
Alemania Federal,4,3,2,0,1,6,3,3,Grupo 2,1982
Brasil,6,3,3,0,0,10,2,8,Grupo 6,1982
Kuwait,1,3,0,1,2,2,6,–4,Grupo 4,1982
Italia,4,2,2,0,0,5,3,2,Grupo C,1982
Argelia,4,3,2,0,1,5,5,0,Grupo 2,1982
Yugoslavia,3,3,1,1,1,2,2,0,Grupo 5,1982
Austria,4,3,2,0,1,3,1,2,Grupo 2,1982
Polonia,3,2,1,1,0,3,0,3,Grupo A,1982
Inglaterra,6,3,3,0,0,6,1,5,Grupo 4,1982
Inglaterra,2,2,0,2,0,0,0,0,Grupo B,1982
Nueva Zelanda,0,3,0,0,3,2,12,–10,Grupo 6,1982
Polonia,4,3,1,2,0,5,1,4,Grupo 1,1982
Brasil,2,2,1,0,1,5,4,1,Grupo C,1982
Checoslovaquia,2,3,0,2,1,2,4,–2,Grupo 4,1982
Alemania Federal,3,2,1,1,0,2,1,1,Grupo B,1982
Hungría,3,3,1,1,1,12,6,6,Grupo 3,1982
Irlanda del Norte,4,3,1,2,0,2,1,1,Grupo 5,1982
Argentina,4,3,2,0,1,6,2,4,Grupo 3,1982
Italia,3,3,0,3,0,2,2,0,Grupo 1,1982
Perú,2,3,0,2,1,2,6,–4,Grupo 1,1982
Camerún,3,3,0,3,0,1,1,0,Grupo 1,1982
El Salvador,0,3,0,0,3,1,13,–12,Grupo 3,1982
Francia,3,3,1,1,1,6,5,1,Grupo 4,1982
Austria,1,2,0,1,1,2,3,–1,Grupo D,1982
Francia,4,2,2,0,0,5,1,4,Grupo D,1982
España,3,3,1,1,1,3,3,0,Grupo 5,1982
Argentina,0,2,0,0,2,2,5,–3,Grupo C,1982
Chile,0,3,0,0,3,3,8,–5,Grupo 2,1982
Bélgica,0,2,0,0,2,0,4,–4,Grupo A,1982
Bélgica,5,3,2,1,0,3,1,2,Grupo 3,1982
Unión Soviética,3,2,1,1,0,1,0,1,Grupo A,1982
Unión Soviética,3,3,1,1,1,6,4,2,Grupo 6,1982
Honduras,2,3,0,2,1,2,3,–1,Grupo 5,1982
Irlanda del Norte,1,3,0,1,2,2,6,–4,Grupo D,1986
Argelia,1,3,0,1,2,1,5,–4,Grupo D,1986
Uruguay,2,3,0,2,1,2,7,–5,Grupo E,1986
Inglaterra,3,3,1,1,1,3,1,2,Grupo F,1986
Italia,4,3,1,2,0,5,4,1,Grupo A,1986
Unión Soviética,5,3,2,1,0,9,1,8,Grupo C,1986
Polonia,3,3,1,1,1,1,3,–2,Grupo F,1986
Bulgaria,2,3,0,2,1,2,4,–2,Grupo A,1986
España,4,3,2,0,1,5,2,3,Grupo D,1986
Hungría,2,3,1,0,2,2,9,–7,Grupo C,1986
Paraguay,4,3,1,2,0,4,3,1,Grupo B,1986
Portugal,2,3,1,0,2,2,4,–2,Grupo F,1986
Bélgica,3,3,1,1,1,5,5,0,Grupo B,1986
Dinamarca,6,3,3,0,0,9,1,8,Grupo E,1986
Corea del Sur,1,3,0,1,2,4,7,–3,Grupo A,1986
Marruecos,4,3,1,2,0,3,1,2,Grupo F,1986
Argentina,5,3,2,1,0,6,2,4,Grupo A,1986
Irak,0,3,0,0,3,1,4,–3,Grupo B,1986
Canadá,0,3,0,0,3,0,5,–5,Grupo C,1986
Alemania Federal,3,3,1,1,1,3,4,–1,Grupo E,1986
México,5,3,2,1,0,4,2,2,Grupo B,1986
Escocia,1,3,0,1,2,1,3,–2,Grupo E,1986
Francia,5,3,2,1,0,5,1,4,Grupo C,1986
Brasil,6,3,3,0,0,5,0,5,Grupo D,1986
Suecia,0,3,0,0,3,3,6,–3,Grupo C,1990
Costa Rica,4,3,2,0,1,3,2,1,Grupo C,1990
Estados Unidos,0,3,0,0,3,2,8,–6,Grupo A,1990
Bélgica,4,3,2,0,1,6,3,3,Grupo E,1990
Egipto,2,3,0,2,1,1,2,–1,Grupo F,1990
Checoslovaquia,4,3,2,0,1,6,3,3,Grupo A,1990
Escocia,2,3,1,0,2,2,3,–1,Grupo C,1990
Alemania Federal,5,3,2,1,0,10,3,7,Grupo D,1990
Camerún,4,3,2,0,1,3,5,–2,Grupo B,1990
Yugoslavia,4,3,2,0,1,6,5,1,Grupo D,1990
España,5,3,2,1,0,5,2,3,Grupo E,1990
Países Bajos,3,3,0,3,0,2,2,0,Grupo F,1990
Colombia,3,3,1,1,1,3,2,1,Grupo D,1990
Austria,2,3,1,0,2,2,3,–1,Grupo A,1990
Italia,6,3,3,0,0,4,0,4,Grupo A,1990
Irlanda,3,3,0,3,0,2,2,0,Grupo F,1990
Corea del Sur,0,3,0,0,3,1,6,–5,Grupo E,1990
Unión Soviética,2,3,1,0,2,4,4,0,Grupo B,1990
Uruguay,3,3,1,1,1,2,3,–1,Grupo E,1990
Emiratos Árabes Unidos,0,3,0,0,3,2,11,–9,Grupo D,1990
Rumania,3,3,1,1,1,4,3,1,Grupo B,1990
Brasil,6,3,3,0,0,4,1,3,Grupo C,1990
Inglaterra,4,3,1,2,0,2,1,1,Grupo F,1990
Argentina,3,3,1,1,1,3,2,1,Grupo B,1990
Colombia,3,3,1,0,2,4,5,–1,Grupo A,1994
Grecia,0,3,0,0,3,0,10,-10,Grupo D,1994
Bulgaria,6,3,2,0,1,6,3,3,Grupo D,1994
Irlanda,4,3,1,1,1,2,2,0,Grupo E,1994
Rusia,3,3,1,0,2,7,6,1,Grupo B,1994
Nigeria,6,3,2,0,1,6,2,4,Grupo D,1994
Alemania,7,3,2,1,0,5,3,2,Grupo C,1994
Países Bajos,6,3,2,0,1,4,3,1,Grupo F,1994
Brasil,7,3,2,1,0,6,1,5,Grupo B,1994
Corea del Sur,2,3,0,2,1,4,5,–1,Grupo C,1994
Suiza,4,3,1,1,1,5,4,1,Grupo A,1994
Bolivia,1,3,0,1,2,1,4,–3,Grupo C,1994
Italia,4,3,1,1,1,2,2,0,Grupo E,1994
España,5,3,1,2,0,6,4,2,Grupo C,1994
Marruecos,0,3,0,0,3,2,5,–3,Grupo F,1994
Suecia,5,3,1,2,0,6,4,2,Grupo B,1994
Camerún,1,3,0,1,2,3,11,–8,Grupo B,1994
Argentina,6,3,2,0,1,6,3,3,Grupo D,1994
Arabia Saudita,6,3,2,0,1,4,3,1,Grupo F,1994
Rumania,6,3,2,0,1,5,5,0,Grupo A,1994
Estados Unidos,4,3,1,1,1,3,3,0,Grupo A,1994
Bélgica,6,3,2,0,1,2,1,1,Grupo F,1994
México,4,3,1,1,1,3,3,0,Grupo E,1994
Noruega,4,3,1,1,1,1,1,0,Grupo E,1994
Rumania,7,3,2,1,0,4,2,2,Grupo G,1998
Croacia,6,3,2,0,1,4,2,2,Grupo H,1998
Camerún,2,3,0,2,1,2,5,–3,Grupo B,1998
Arabia Saudita,1,3,0,1,2,2,7,–5,Grupo C,1998
Brasil,6,3,2,0,1,6,3,3,Grupo A,1998
Chile,3,3,0,3,0,4,4,0,Grupo B,1998
Noruega,5,3,1,2,0,5,4,1,Grupo A,1998
Dinamarca,4,3,1,1,1,3,3,0,Grupo C,1998
Estados Unidos,0,3,0,0,3,1,5,–4,Grupo F,1998
R. F. Yugoslavia,7,3,2,1,0,4,2,2,Grupo F,1998
Corea del Sur,1,3,0,1,2,2,9,–7,Grupo E,1998
Túnez,1,3,0,1,2,1,4,–3,Grupo G,1998
Marruecos,4,3,1,1,1,5,5,0,Grupo A,1998
Países Bajos,5,3,1,2,0,7,2,5,Grupo E,1998
Escocia,1,3,0,1,2,2,6,–4,Grupo A,1998
Alemania,7,3,2,1,0,6,2,4,Grupo F,1998
Sudáfrica,2,3,0,2,1,3,6,–3,Grupo C,1998
Francia,9,3,3,0,0,9,1,8,Grupo C,1998
Irán,3,3,1,0,2,2,4,–2,Grupo F,1998
Austria,2,3,0,2,1,3,4,–1,Grupo B,1998
Jamaica,3,3,1,0,2,3,9,–6,Grupo H,1998
Italia,7,3,2,1,0,7,3,4,Grupo B,1998
Paraguay,5,3,1,2,0,3,1,2,Grupo D,1998
Colombia,3,3,1,0,2,1,3,–2,Grupo G,1998
México,5,3,1,2,0,7,5,2,Grupo E,1998
España,4,3,1,1,1,8,4,4,Grupo D,1998
Argentina,9,3,3,0,0,7,0,7,Grupo H,1998
Bélgica,3,3,0,3,0,3,3,0,Grupo E,1998
Japón,0,3,0,0,3,1,4,–3,Grupo H,1998
Nigeria,6,3,2,0,1,5,5,0,Grupo D,1998
Bulgaria,1,3,0,1,2,1,7,–6,Grupo D,1998
Inglaterra,6,3,2,0,1,5,2,3,Grupo G,1998
Ecuador,3,3,1,0,2,2,4,−2,Grupo G,2002
Senegal,5,3,1,2,0,5,4,1,Grupo A,2002
Uruguay,2,3,0,2,1,4,5,−1,Grupo A,2002
Túnez,1,3,0,1,2,1,5,−4,Grupo H,2002
Paraguay,4,3,1,1,1,6,6,0,Grupo B,2002
Costa Rica,4,3,1,1,1,5,6,−1,Grupo C,2002
Corea del Sur,7,3,2,1,0,4,1,3,Grupo D,2002
Turquía,4,3,1,1,1,5,3,2,Grupo C,2002
Rusia,3,3,1,0,2,4,4,0,Grupo H,2002
Nigeria,1,3,0,1,2,1,3,−2,Grupo F,2002
Sudáfrica,4,3,1,1,1,5,5,0,Grupo B,2002
Alemania,7,3,2,1,0,11,1,10,Grupo E,2002
Brasil,9,3,3,0,0,11,3,8,Grupo C,2002
Bélgica,5,3,1,2,0,6,5,1,Grupo H,2002
Japón,7,3,2,1,0,5,2,3,Grupo H,2002
Portugal,3,3,1,0,2,6,4,2,Grupo D,2002
Eslovenia,0,3,0,0,3,2,7,−5,Grupo B,2002
Italia,4,3,1,1,1,4,3,1,Grupo G,2002
Arabia Saudita,0,3,0,0,3,0,12,−12,Grupo E,2002
Polonia,3,3,1,0,2,3,7,−4,Grupo D,2002
Suecia,5,3,1,2,0,4,3,1,Grupo F,2002
China,0,3,0,0,3,0,9,−9,Grupo C,2002
Inglaterra,5,3,1,2,0,2,1,1,Grupo F,2002
Estados Unidos,4,3,1,1,1,5,6,−1,Grupo D,2002
México,7,3,2,1,0,4,2,2,Grupo G,2002
Dinamarca,7,3,2,1,0,5,2,3,Grupo A,2002
Croacia,3,3,1,0,2,2,3,−1,Grupo G,2002
Francia,1,3,0,1,2,0,3,−3,Grupo A,2002
Argentina,4,3,1,1,1,2,2,0,Grupo F,2002
España,9,3,3,0,0,9,4,5,Grupo B,2002
Irlanda,5,3,1,2,0,5,2,3,Grupo E,2002
Camerún,4,3,1,1,1,2,3,−1,Grupo E,2002
Angola,2,3,0,2,1,1,2,–1,Grupo D,2006
Inglaterra,7,3,2,1,0,5,2,3,Grupo B,2006
España,9,3,3,0,0,8,1,7,Grupo H,2006
Croacia,2,3,0,2,1,2,3,–1,Grupo F,2006
Costa de Marfil,3,3,1,0,2,5,6,–1,Grupo C,2006
Túnez,1,3,0,1,2,3,6,–3,Grupo H,2006
Alemania,9,3,3,0,0,8,2,6,Grupo A,2006
Argentina,7,3,2,1,0,8,1,7,Grupo C,2006
Portugal,9,3,3,0,0,5,1,4,Grupo D,2006
Francia,5,3,1,2,0,3,1,2,Grupo G,2006
Estados Unidos,1,3,0,1,2,2,6,–4,Grupo E,2006
República Checa,3,3,1,0,2,3,4,–1,Grupo E,2006
Países Bajos,7,3,2,1,0,3,1,2,Grupo C,2006
Polonia,3,3,1,0,2,2,4,–2,Grupo A,2006
Ecuador,6,3,2,0,1,5,3,2,Grupo A,2006
Paraguay,3,3,1,0,2,2,2,0,Grupo B,2006
Ghana,6,3,2,0,1,4,3,1,Grupo E,2006
Suiza,7,3,2,1,0,4,0,4,Grupo G,2006
Italia,7,3,2,1,0,5,1,4,Grupo E,2006
Australia,4,3,1,1,1,5,5,0,Grupo F,2006
Japón,1,3,0,1,2,2,7,–5,Grupo F,2006
Arabia Saudita,1,3,0,1,2,2,7,–5,Grupo H,2006
Costa Rica,0,3,0,0,3,3,9,–6,Grupo A,2006
Irán,1,3,0,1,2,2,6,–4,Grupo D,2006
Trinidad y Tobago,1,3,0,1,2,0,4,–4,Grupo B,2006
Ucrania,6,3,2,0,1,5,4,1,Grupo H,2006
Brasil,9,3,3,0,0,7,1,6,Grupo F,2006
Suecia,5,3,1,2,0,3,2,1,Grupo B,2006
Serbia y Montenegro,0,3,0,0,3,2,10,–8,Grupo C,2006
Corea del Sur,4,3,1,1,1,3,4,–1,Grupo G,2006
Togo,0,3,0,0,3,1,6,–5,Grupo G,2006
México,4,3,1,1,1,4,3,1,Grupo D,2006
Sudáfrica,4,3,1,1,1,3,5,–2,Grupo A,2010
Países Bajos,9,3,3,0,0,5,1,4,Grupo E,2010
Serbia,3,3,1,0,2,2,3,–1,Grupo D,2010
Estados Unidos,5,3,1,2,0,4,3,1,Grupo C,2010
Camerún,0,3,0,0,3,2,5,–3,Grupo E,2010
Argentina,9,3,3,0,0,7,1,6,Grupo B,2010
Corea del Norte,0,3,0,0,3,1,12,–11,Grupo G,2010
Brasil,7,3,2,1,0,5,2,3,Grupo G,2010
Ghana,4,3,1,1,1,2,2,0,Grupo D,2010
Uruguay,7,3,2,1,0,4,0,4,Grupo A,2010
Honduras,1,3,0,1,2,0,3,–3,Grupo H,2010
Paraguay,5,3,1,2,0,3,1,2,Grupo F,2010
Suiza,4,3,1,1,1,1,1,0,Grupo H,2010
Eslovaquia,4,3,1,1,1,4,5,–1,Grupo F,2010
Grecia,3,3,1,0,2,2,5,–3,Grupo B,2010
Argelia,1,3,0,1,2,0,2,–2,Grupo C,2010
Corea del Sur,4,3,1,1,1,5,6,–1,Grupo B,2010
Alemania,6,3,2,0,1,5,1,4,Grupo D,2010
Eslovenia,4,3,1,1,1,3,3,0,Grupo C,2010
Chile,6,3,2,0,1,3,2,1,Grupo H,2010
Australia,4,3,1,1,1,3,6,–3,Grupo D,2010
México,4,3,1,1,1,3,2,1,Grupo A,2010
España,6,3,2,0,1,4,2,2,Grupo H,2010
Inglaterra,5,3,1,2,0,2,1,1,Grupo C,2010
Italia,2,3,0,2,1,4,5,–1,Grupo F,2010
Nigeria,1,3,0,1,2,3,5,–2,Grupo B,2010
Dinamarca,3,3,1,0,2,3,6,–3,Grupo E,2010
Portugal,5,3,1,2,0,7,0,7,Grupo G,2010
Francia,1,3,0,1,2,1,4,–3,Grupo A,2010
Costa de Marfil,4,3,1,1,1,4,3,1,Grupo G,2010
Nueva Zelanda,3,3,0,3,0,2,2,0,Grupo F,2010
Japón,6,3,2,0,1,4,2,2,Grupo E,2010
México,7,3,2,1,0,4,1,3,Grupo A,2014
Colombia,9,3,3,0,0,9,2,7,Grupo C,2014
Suiza,6,3,2,0,1,7,6,1,Grupo E,2014
Croacia,3,3,1,0,2,6,6,0,Grupo A,2014
Honduras,0,3,0,0,3,1,8,–7,Grupo E,2014
Costa Rica,7,3,2,1,0,4,1,3,Grupo D,2014
Inglaterra,1,3,0,1,2,2,4,–2,Grupo D,2014
Chile,6,3,2,0,1,5,3,2,Grupo B,2014
Australia,0,3,0,0,3,3,9,–6,Grupo B,2014
Corea del Sur,1,3,0,1,2,3,6,–3,Grupo H,2014
Bosnia y Herzegovina,3,3,1,0,2,4,4,0,Grupo F,2014
Japón,1,3,0,1,2,2,6,–4,Grupo C,2014
Países Bajos,9,3,3,0,0,10,3,7,Grupo B,2014
Irán,1,3,0,1,2,1,4,–3,Grupo F,2014
Argentina,9,3,3,0,0,6,3,3,Grupo F,2014
Grecia,4,3,1,1,1,2,4,–2,Grupo C,2014
Argelia,4,3,1,1,1,6,5,1,Grupo H,2014
Italia,3,3,1,0,2,2,3,–1,Grupo D,2014
Brasil,7,3,2,1,0,7,2,5,Grupo A,2014
Uruguay,6,3,2,0,1,4,4,0,Grupo D,2014
Portugal,4,3,1,1,1,4,7,–3,Grupo G,2014
Ghana,1,3,0,1,2,4,6,–2,Grupo G,2014
España,3,3,1,0,2,4,7,–3,Grupo B,2014
Rusia,2,3,0,2,1,2,3,–1,Grupo H,2014
Nigeria,4,3,1,1,1,3,3,0,Grupo F,2014
Francia,7,3,2,1,0,8,2,6,Grupo E,2014
Alemania,7,3,2,1,0,7,2,5,Grupo G,2014
Camerún,0,3,0,0,3,1,9,–8,Grupo A,2014
Costa de Marfil,3,3,1,0,2,4,5,–1,Grupo C,2014
Ecuador,4,3,1,1,1,3,3,0,Grupo E,2014
Bélgica,9,3,3,0,0,4,1,3,Grupo H,2014
Estados Unidos,4,3,1,1,1,4,4,0,Grupo G,2014
Bélgica,9,3,3,0,0,9,2,7,Grupo G,2018
España,5,3,1,2,0,6,5,1,Grupo B,2018
Colombia,6,3,2,0,1,5,2,3,Grupo H,2018
Rusia,6,3,2,0,1,8,4,4,Grupo A,2018
Costa Rica,1,3,0,1,2,2,5,–3,Grupo E,2018
Suiza,5,3,1,2,0,5,4,1,Grupo E,2018
Francia,7,3,2,1,0,3,1,2,Grupo C,2018
Egipto,0,3,0,0,3,2,6,–4,Grupo A,2018
Argentina,4,3,1,1,1,3,5,–2,Grupo D,2018
Brasil,7,3,2,1,0,5,1,4,Grupo E,2018
Dinamarca,5,3,1,2,0,2,1,1,Grupo C,2018
Inglaterra,6,3,2,0,1,8,3,5,Grupo G,2018
Senegal,4,3,1,1,1,4,4,0,Grupo H,2018
Túnez,3,3,1,0,2,5,8,–3,Grupo G,2018
Uruguay,9,3,3,0,0,5,0,5,Grupo A,2018
Irán,4,3,1,1,1,2,2,0,Grupo B,2018
Suecia,6,3,2,0,1,5,2,3,Grupo F,2018
Croacia,9,3,3,0,0,7,1,6,Grupo D,2018
Serbia,3,3,1,0,2,2,4,–2,Grupo E,2018
Corea del Sur,3,3,1,0,2,3,3,0,Grupo F,2018
Nigeria,3,3,1,0,2,3,4,–1,Grupo D,2018
Panamá,0,3,0,0,3,2,11,–9,Grupo G,2018
Australia,1,3,0,1,2,2,5,–3,Grupo C,2018
Polonia,3,3,1,0,2,2,5,–3,Grupo H,2018
Japón,4,3,1,1,1,4,4,0,Grupo H,2018
Arabia Saudita,3,3,1,0,2,2,7,–5,Grupo A,2018
México,6,3,2,0,1,3,4,–1,Grupo F,2018
Perú,3,3,1,0,2,2,2,0,Grupo C,2018
Marruecos,1,3,0,1,2,2,4,–2,Grupo B,2018
Alemania,3,3,1,0,2,2,4,–2,Grupo F,2018
Portugal,5,3,1,2,0,5,4,1,Grupo B,2018
Islandia,1,3,0,1,2,2,5,–3,Grupo D,2018
Argentina,6,3,2,0,1,5,2,3,Grupo C,2022
Portugal,6,3,2,0,1,6,4,2,Grupo H,2022
Japón,6,3,2,0,1,4,3,1,Grupo E,2022
Irán,3,3,1,0,2,4,7,–3,Grupo B,2022
México,4,3,1,1,1,2,3,–1,Grupo C,2022
Serbia,1,3,0,1,2,5,8,–3,Grupo G,2022
Túnez,4,3,1,1,1,1,1,0,Grupo D,2022
Inglaterra,7,3,2,1,0,9,2,7,Grupo B,2022
Costa Rica,3,3,1,0,2,3,11,–8,Grupo E,2022
Marruecos,7,3,2,1,0,4,1,3,Grupo F,2022
Alemania,4,3,1,1,1,6,5,1,Grupo E,2022
Polonia,4,3,1,1,1,2,2,0,Grupo C,2022
Brasil,6,3,2,0,1,3,1,2,Grupo G,2022
Países Bajos,7,3,2,1,0,5,1,4,Grupo A,2022
Arabia Saudita,3,3,1,0,2,3,5,–2,Grupo C,2022
Gales,1,3,0,1,2,1,6,–5,Grupo B,2022
Australia,6,3,2,0,1,3,4,–1,Grupo D,2022
Catar,0,3,0,0,3,1,7,–6,Grupo A,2022
Francia,6,3,2,0,1,6,3,3,Grupo D,2022
Dinamarca,1,3,0,1,2,1,3,–2,Grupo D,2022
Corea del Sur,4,3,1,1,1,4,4,0,Grupo H,2022
Bélgica,4,3,1,1,1,1,2,–1,Grupo F,2022
Uruguay,4,3,1,1,1,2,2,0,Grupo H,2022
Croacia,5,3,1,2,0,4,1,3,Grupo F,2022
Canadá,0,3,0,0,3,2,7,–5,Grupo F,2022
Senegal,6,3,2,0,1,5,4,1,Grupo A,2022
España,4,3,1,1,1,9,3,6,Grupo E,2022
Ecuador,4,3,1,1,1,4,3,1,Grupo A,2022
Camerún,4,3,1,1,1,4,4,0,Grupo G,2022
Suiza,6,3,2,0,1,4,3,1,Grupo G,2022
Estados Unidos,5,3,1,2,0,2,1,1,Grupo B,2022
Ghana,3,3,1,0,2,5,7,–2,Grupo H,2022
